id,title,description
4,Từ vựng Luyện thi Tốt Nghiệp THPT,https://tienganhkala.com/blog/cat/tu-vung-luyen-thi-tot-nghiep-thpt
5,Từ vựng Luyện thi Đại Học,https://tienganhkala.com/blog/cat/tu-vung-luyen-thi-dai-hoc
6,Từ vựng IELTS,https://tienganhkala.com/blog/cat/tu-vung-ielts
7,Từ vựng SAT,https://tienganhkala.com/blog/cat/tu-vung-sat
8,Từ vựng TOEFL,https://tienganhkala.com/blog/cat/tu-vung-toefl
9,Từ vựng Oxford,https://tienganhkala.com/blog/cat/tu-vung-oxford
10,Từ vựng Văn phòng,https://tienganhkala.com/blog/cat/tu-vung-van-phong
11,Từ vựng Sinh viên,https://tienganhkala.com/blog/cat/tu-vung-sinh-vien
1,Từ vựng Sơ cấp,https://tienganhkala.com/blog/cat/tu-vung-so-cap
2,Từ vựng Trung cấp,https://tienganhkala.com/blog/cat/tu-vung-trung-cap
3,Từ vựng Cao cấp,https://tienganhkala.com/blog/cat/tu-vung-cao-cap
