id,title,description,image_url,course
1,Chủ đề 1: Các động từ theo sau là V_ing (Phần 1),https://tienganhkala.com/blog/chu-de-1-cac-dong-tu-theo-sau-la-v-ing-phan-1-2,https://tienganhkala.com/cache/image/blog/verb-verbing-1a-71fb6a7737-7e646b6e073f241e5ebe39c9edfccb72.png,4
2,Chủ đề 2: Các động từ theo sau là V_ing (Phần 2),https://tienganhkala.com/blog/chu-de-2-cac-dong-tu-theo-sau-la-v-ing-phan-2-2,https://tienganhkala.com/cache/image/blog/verb-verbing-2a-5171ff2c15-7e646b6e073f241e5ebe39c9edfccb72.png,4
3,Chủ đề 3: Các động từ theo sau là To Verb (Phần 1),https://tienganhkala.com/blog/chu-de-3-cac-dong-tu-theo-sau-la-to-verb-phan-1-2,https://tienganhkala.com/cache/image/blog/verb-to-verb-1a-0bed19b0c8-7e646b6e073f241e5ebe39c9edfccb72.png,4
4,Chủ đề 4: Các động từ theo sau là To Verb (Phần 2),https://tienganhkala.com/blog/chu-de-4-cac-dong-tu-theo-sau-la-to-verb-phan-2-2,https://tienganhkala.com/cache/image/blog/verb-to-verb-2a-09c0aebafb-7e646b6e073f241e5ebe39c9edfccb72.png,4
5,Chủ đề 5: Các cụm động từ thường gặp (Phần 1),https://tienganhkala.com/blog/chu-de-5-cac-cum-dong-tu-thuong-gap-phan-1,https://tienganhkala.com/cache/image/blog/phrasal-verb-1a-0e57ddba02-7e646b6e073f241e5ebe39c9edfccb72.png,4
6,Chủ đề 6: Các cụm động từ thường gặp (Phần 2),https://tienganhkala.com/blog/chu-de-6-cac-cum-dong-tu-thuong-gap-phan-2,https://tienganhkala.com/cache/image/blog/phrasal-verb-2a-ca46f67113-7e646b6e073f241e5ebe39c9edfccb72.png,4
7,Chủ đề 7: Các cụm động từ thường gặp (Phần 3),https://tienganhkala.com/blog/chu-de-7-cac-cum-dong-tu-thuong-gap-phan-3,https://tienganhkala.com/cache/image/blog/phrasal-verb-3a-c759902b23-7e646b6e073f241e5ebe39c9edfccb72.png,4
8,Chủ đề 8: Các cụm động từ thường gặp (Phần 4),https://tienganhkala.com/blog/chu-de-8-cac-cum-dong-tu-thuong-gap-phan-4,https://tienganhkala.com/cache/image/blog/phrasal-verb-4a-a5c8c91df3-7e646b6e073f241e5ebe39c9edfccb72.png,4
9,Chủ đề 9: Cụm Tính Từ,https://tienganhkala.com/blog/chu-de-9-cum-tinh-tu,https://tienganhkala.com/cache/image/blog/adjectivephrase-a-ec1a24f431-7e646b6e073f241e5ebe39c9edfccb72.png,4
10,Chủ đề 10: Giới từ chỉ nơi chốn,https://tienganhkala.com/blog/chu-de-10-gioi-tu-chi-noi-chon,https://tienganhkala.com/cache/image/blog/preposition-of-place-a-547b945d80-7e646b6e073f241e5ebe39c9edfccb72.png,4
11,Chủ đề 11: Từ vựng chủ đề Môi Trường,https://tienganhkala.com/blog/chu-de-11-tu-vung-chu-de-moi-truong,https://tienganhkala.com/cache/image/blog/environment-b2140d5d37-7e646b6e073f241e5ebe39c9edfccb72.png,4
12,"Chủ đề 12: Từ vựng chủ đề Y tế, Sức khỏe: Health",https://tienganhkala.com/blog/chu-de-12-tu-vung-chu-de-y-te-suc-khoe-health,https://tienganhkala.com/cache/image/blog/health-1b0ff01a5d-7e646b6e073f241e5ebe39c9edfccb72.png,4
13,Chủ đề 13: Từ vựng chủ đề Giáo dục- Education,https://tienganhkala.com/blog/chu-de-13-tu-vung-chu-de-giao-duc-education,https://tienganhkala.com/cache/image/blog/education-86665ca668-7e646b6e073f241e5ebe39c9edfccb72.png,4
14,Chủ đề 14: Từ vựng chủ đề Động vật- ANIMALS,https://tienganhkala.com/blog/chu-de-14-tu-vung-chu-de-dong-vat-animals,https://tienganhkala.com/cache/image/blog/animals-cff626707e-7e646b6e073f241e5ebe39c9edfccb72.png,4
15,Chủ đề 15: Từ vựng chủ đề Thực vật - PLANTS,https://tienganhkala.com/blog/chu-de-15-tu-vung-chu-de-thuc-vat-plants,https://tienganhkala.com/cache/image/blog/plants-2637c2c5ba-7e646b6e073f241e5ebe39c9edfccb72.png,4
16,Chủ đề 16: Từ vựng chủ đề Trái đất - THE EARTH,https://tienganhkala.com/blog/chu-de-16-tu-vung-chu-de-trai-dat-the-earth,https://tienganhkala.com/cache/image/blog/earth-c3cf51dede-7e646b6e073f241e5ebe39c9edfccb72.png,4
17,Chủ đề 1: Cụm động từ với Break,https://tienganhkala.com/blog/chu-de-1-cum-dong-tu-voi-break,https://tienganhkala.com/cache/image/blog/cumdongtubreaka-fe9305ba21-7e646b6e073f241e5ebe39c9edfccb72.png,5
18,Chủ đề 2: Cụm động từ đi với Bring,https://tienganhkala.com/blog/chu-de-2-cum-dong-tu-di-voi-bring,https://tienganhkala.com/cache/image/blog/cumdongtubringa-8b05cbdff7-7e646b6e073f241e5ebe39c9edfccb72.png,5
19,Chủ đề 3: Cụm động từ đi với Come - Phần 1,https://tienganhkala.com/blog/chu-de-3-cum-dong-tu-di-voi-come-phan-1,https://tienganhkala.com/cache/image/blog/cumdongtucomea-0be6b143a1-e769e245c22abbdb16326dcbab25c430.png,5
20,Chủ đề 4: Cụm tính từ,https://tienganhkala.com/blog/chu-de-4-cum-tinh-tu,https://tienganhkala.com/cache/image/blog/adjectivephrase-a-865ac86307-7e646b6e073f241e5ebe39c9edfccb72.png,5
21,Chủ đề 5: Cụm động từ đi với Go,https://tienganhkala.com/blog/chu-de-5-cum-dong-tu-di-voi-go,https://tienganhkala.com/cache/image/blog/cumdongtugoa-be8c0c87d0-7e646b6e073f241e5ebe39c9edfccb72.png,5
22,Chủ đề 6: Cụm động từ đi với Look,https://tienganhkala.com/blog/chu-de-6-cum-dong-tu-di-voi-look,https://tienganhkala.com/cache/image/blog/cumdongtulooka-88b4d2c2d0-7e646b6e073f241e5ebe39c9edfccb72.png,5
23,Chủ đề 7: Cụm động từ với Make,https://tienganhkala.com/blog/chu-de-7-cum-dong-tu-voi-make,https://tienganhkala.com/cache/image/blog/cumdongtumakea-1417e3c7f7-7e646b6e073f241e5ebe39c9edfccb72.png,5
24,Chủ đề 8: Cụm động từ với Set,https://tienganhkala.com/blog/chu-de-8-cum-dong-tu-voi-set,https://tienganhkala.com/cache/image/blog/cumdongtuseta-1e97ff675b-7e646b6e073f241e5ebe39c9edfccb72.png,5
25,Chủ đề 9: Cụm động từ với Tell,https://tienganhkala.com/blog/chu-de-9-cum-dong-tu-voi-tell,https://tienganhkala.com/cache/image/blog/cumdongtutella-a0e8809422-7e646b6e073f241e5ebe39c9edfccb72.png,5
26,Chủ đề 10: Cụm động từ với Up,https://tienganhkala.com/blog/chu-de-10-cum-dong-tu-voi-up,https://tienganhkala.com/cache/image/blog/cumdongtuupa-86abe1fea9-7e646b6e073f241e5ebe39c9edfccb72.png,5
27,Chủ đề 11: Văn hóa (Phần 1),https://tienganhkala.com/blog/chu-de-11-van-hoa-phan-1,https://tienganhkala.com/cache/image/blog/culture-1a-0e676e1a95-7e646b6e073f241e5ebe39c9edfccb72.png,5
28,Chủ đề 12: Văn hóa (Phần 2),https://tienganhkala.com/blog/chu-de-12-van-hoa-phan-2,https://tienganhkala.com/cache/image/blog/culture-2a-bd451e02f4-7e646b6e073f241e5ebe39c9edfccb72.png,5
29,Chủ đề 13: Verb + to Inf (Phần 1),https://tienganhkala.com/blog/chu-de-13-verb-to-inf-phan-1,https://tienganhkala.com/cache/image/blog/verb-to-verb-1a-29f2982b3a-7e646b6e073f241e5ebe39c9edfccb72.png,5
30,Chủ đề 14: Verb + to Inf (Phần 2),https://tienganhkala.com/blog/chu-de-14-verb-to-inf-phan-2,https://tienganhkala.com/cache/image/blog/verb-to-verb-2a-d17d1a6369-7e646b6e073f241e5ebe39c9edfccb72.png,5
31,Chủ đề 15: Giới từ chỉ nơi chốn,https://tienganhkala.com/blog/chu-de-15-gioi-tu-chi-noi-chon,https://tienganhkala.com/cache/image/blog/preposition-of-place-a-8ab449ec5d-7e646b6e073f241e5ebe39c9edfccb72.png,5
32,Chủ đề 17: Verb + Gerund (Phần 1),https://tienganhkala.com/blog/chu-de-17-verb-gerund-phan-1,https://tienganhkala.com/cache/image/blog/verb-verbing-1a-2263ca4bec-e769e245c22abbdb16326dcbab25c430.png,5
33,Chủ đề 18: Verb + Gerund (Phần 2),https://tienganhkala.com/blog/chu-de-18-verb-gerund-phan-2,https://tienganhkala.com/cache/image/blog/verb-verbing-2a-bd8f54b499-e769e245c22abbdb16326dcbab25c430.png,5
34,Chủ đề 19: Xã hội (Phần 1),https://tienganhkala.com/blog/chu-de-19-xa-hoi-phan-1,https://tienganhkala.com/cache/image/blog/society-1a-13589d477a-7e646b6e073f241e5ebe39c9edfccb72.png,5
35,Chủ đề 38: Từ vựng mở rộng (Phần 3),https://tienganhkala.com/blog/chu-de-38-tu-vung-mo-rong-phan-3,https://tienganhkala.com/cache/image/blog/enlarging-vocabulary-3a-f2a30a5044-e769e245c22abbdb16326dcbab25c430.png,5
36,Chủ đề 39: Từ vựng mở rộng (Phần 4),https://tienganhkala.com/blog/chu-de-39-tu-vung-mo-rong-phan-4,https://tienganhkala.com/cache/image/blog/enlarging-vocabulary-4a-04b48e95b3-7e646b6e073f241e5ebe39c9edfccb72.png,5
37,Chủ đề 40: Từ vựng mở rộng (Phần 5),https://tienganhkala.com/blog/chu-de-40-tu-vung-mo-rong-phan-5,https://tienganhkala.com/cache/image/blog/enlarging-vocabulary-5a-024e3d905b-7e646b6e073f241e5ebe39c9edfccb72.png,5
38,Chủ đề 41: Từ vựng mở rộng (Phần 6),https://tienganhkala.com/blog/chu-de-41-tu-vung-mo-rong-phan-6,https://tienganhkala.com/cache/image/blog/enlarging-vocabulary-6a-1eed91b8c6-7e646b6e073f241e5ebe39c9edfccb72.png,5
39,Chủ đề 42: Từ vựng mở rộng (Phần 7),https://tienganhkala.com/blog/chu-de-42-tu-vung-mo-rong-phan-7,https://tienganhkala.com/cache/image/blog/enlarging-vocabulary-7a-b0e46a296f-7e646b6e073f241e5ebe39c9edfccb72.png,5
40,Từ vựng IELTS - Phần 1,https://tienganhkala.com/blog/tu-vung-ielts-phan-1,https://tienganhkala.com/cache/image/blog/ieltsthumbnail0202-7efbc75ac8-7e646b6e073f241e5ebe39c9edfccb72.png,6
41,Từ vựng IELTS - Phần 2,https://tienganhkala.com/blog/tu-vung-ielts-phan-2,https://tienganhkala.com/cache/image/blog/ieltsthumbnail0202-1e79e1abb7-7e646b6e073f241e5ebe39c9edfccb72.png,6
42,Từ vựng IELTS - Phần 3,https://tienganhkala.com/blog/tu-vung-ielts-phan-3,https://tienganhkala.com/cache/image/blog/ieltsthumbnail0202-ac069375e2-7e646b6e073f241e5ebe39c9edfccb72.png,6
43,Từ vựng IELTS - Phần 4,https://tienganhkala.com/blog/tu-vung-ielts-phan-4,https://tienganhkala.com/cache/image/blog/ieltsthumbnail0202-68c26a0fdc-7e646b6e073f241e5ebe39c9edfccb72.png,6
44,Từ vựng IELTS - Phần 5,https://tienganhkala.com/blog/tu-vung-ielts-phan-5,https://tienganhkala.com/cache/image/blog/ieltsthumbnail0202-d1411dee86-7e646b6e073f241e5ebe39c9edfccb72.png,6
45,Từ vựng IELTS - Phần 6,https://tienganhkala.com/blog/tu-vung-ielts-phan-6,https://tienganhkala.com/cache/image/blog/ieltsthumbnail0202-77ce18056d-e769e245c22abbdb16326dcbab25c430.png,6
46,Từ vựng IELTS - Phần 7,https://tienganhkala.com/blog/tu-vung-ielts-phan-7,https://tienganhkala.com/cache/image/blog/ieltsthumbnail0202-bc0fdccdfa-7e646b6e073f241e5ebe39c9edfccb72.png,6
47,Từ vựng IELTS - Phần 8,https://tienganhkala.com/blog/tu-vung-ielts-phan-8,https://tienganhkala.com/cache/image/blog/ieltsthumbnail0202-e473bf828e-7e646b6e073f241e5ebe39c9edfccb72.png,6
48,Từ vựng IELTS - Phần 9,https://tienganhkala.com/blog/tu-vung-ielts-phan-9,https://tienganhkala.com/cache/image/blog/ieltsthumbnail0202-9d72de241b-7e646b6e073f241e5ebe39c9edfccb72.png,6
49,Từ vựng IELTS - Phần 10,https://tienganhkala.com/blog/tu-vung-ielts-phan-10,https://tienganhkala.com/cache/image/blog/ieltsthumbnail0202-17d411c850-e769e245c22abbdb16326dcbab25c430.png,6
50,Từ vựng IELTS - Phần 11,https://tienganhkala.com/blog/tu-vung-ielts-phan-11,https://tienganhkala.com/cache/image/blog/ieltsthumbnail0202-b37866ec9f-7e646b6e073f241e5ebe39c9edfccb72.png,6
51,Từ vựng IELTS - Phần 12,https://tienganhkala.com/blog/tu-vung-ielts-phan-12,https://tienganhkala.com/cache/image/blog/ieltsthumbnail0202-04f112f2dd-7e646b6e073f241e5ebe39c9edfccb72.png,6
52,Từ vựng IELTS - Phần 13,https://tienganhkala.com/blog/tu-vung-ielts-phan-13,https://tienganhkala.com/cache/image/blog/ieltsthumbnail0202-152be645e4-7e646b6e073f241e5ebe39c9edfccb72.png,6
53,Từ vựng IELTS - Phần 14,https://tienganhkala.com/blog/tu-vung-ielts-phan-14,https://tienganhkala.com/cache/image/blog/ieltsthumbnail0202-39a72a71c4-7e646b6e073f241e5ebe39c9edfccb72.png,6
54,Từ vựng IELTS - Phần 15,https://tienganhkala.com/blog/tu-vung-ielts-phan-15,https://tienganhkala.com/cache/image/blog/ieltsthumbnail0202-c4aa9e5c21-e769e245c22abbdb16326dcbab25c430.png,6
55,Từ vựng IELTS - Phần 16,https://tienganhkala.com/blog/tu-vung-ielts-phan-16,https://tienganhkala.com/cache/image/blog/ieltsthumbnail0202-22c0e4b0ba-7e646b6e073f241e5ebe39c9edfccb72.png,6
56,Từ vựng IELTS - Phần 17,https://tienganhkala.com/blog/tu-vung-ielts-phan-17,https://tienganhkala.com/cache/image/blog/ieltsthumbnail0202-a24462459a-e769e245c22abbdb16326dcbab25c430.png,6
57,Từ vựng IELTS - Phần 18,https://tienganhkala.com/blog/tu-vung-ielts-phan-18,https://tienganhkala.com/cache/image/blog/ieltsthumbnail0202-5d7ec89663-7e646b6e073f241e5ebe39c9edfccb72.png,6
58,Từ vựng SAT - Phần 1,https://tienganhkala.com/blog/tu-vung-sat-phan-1,https://tienganhkala.com/cache/image/blog/satthumbnailsmall-0f55bb8179-7e646b6e073f241e5ebe39c9edfccb72.png,7
59,Từ vựng SAT - Phần 2,https://tienganhkala.com/blog/tu-vung-sat-phan-2,https://tienganhkala.com/cache/image/blog/satthumbnailsmall-18bf719f9e-7e646b6e073f241e5ebe39c9edfccb72.png,7
60,Từ vựng SAT - Phần 3,https://tienganhkala.com/blog/tu-vung-sat-phan-3,https://tienganhkala.com/cache/image/blog/satthumbnailsmall-e91bf3d37e-7e646b6e073f241e5ebe39c9edfccb72.png,7
61,Từ vựng SAT - Phần 4,https://tienganhkala.com/blog/tu-vung-sat-phan-4,https://tienganhkala.com/cache/image/blog/satthumbnailsmall-f8bd7a458b-7e646b6e073f241e5ebe39c9edfccb72.png,7
62,Từ vựng SAT - Phần 5,https://tienganhkala.com/blog/tu-vung-sat-phan-5,https://tienganhkala.com/cache/image/blog/satthumbnailsmall-858a845617-7e646b6e073f241e5ebe39c9edfccb72.png,7
63,Từ vựng SAT - Phần 6,https://tienganhkala.com/blog/tu-vung-sat-phan-6,https://tienganhkala.com/cache/image/blog/satthumbnailsmall-98eeb32154-7e646b6e073f241e5ebe39c9edfccb72.png,7
64,Từ vựng SAT - Phần 7,https://tienganhkala.com/blog/tu-vung-sat-phan-7,https://tienganhkala.com/cache/image/blog/satthumbnailsmall-4146f02eb3-7e646b6e073f241e5ebe39c9edfccb72.png,7
65,Từ vựng SAT - Phần 8,https://tienganhkala.com/blog/tu-vung-sat-phan-8,https://tienganhkala.com/cache/image/blog/satthumbnailsmall-82a5153130-7e646b6e073f241e5ebe39c9edfccb72.png,7
66,Từ vựng SAT - Phần 9,https://tienganhkala.com/blog/tu-vung-sat-phan-9,https://tienganhkala.com/cache/image/blog/satthumbnailsmall-d244abcdcc-7e646b6e073f241e5ebe39c9edfccb72.png,7
67,Từ vựng SAT - Phần 10,https://tienganhkala.com/blog/tu-vung-sat-phan-10,https://tienganhkala.com/cache/image/blog/satthumbnailsmall-8394db4831-7e646b6e073f241e5ebe39c9edfccb72.png,7
68,Từ vựng SAT - Phần 11,https://tienganhkala.com/blog/tu-vung-sat-phan-11,https://tienganhkala.com/cache/image/blog/satthumbnailsmall-2451308f35-7e646b6e073f241e5ebe39c9edfccb72.png,7
69,Từ vựng SAT - Phần 12,https://tienganhkala.com/blog/tu-vung-sat-phan-12,https://tienganhkala.com/cache/image/blog/satthumbnailsmall-130c9a9865-7e646b6e073f241e5ebe39c9edfccb72.png,7
70,Từ vựng SAT - Phần 13,https://tienganhkala.com/blog/tu-vung-sat-phan-13,https://tienganhkala.com/cache/image/blog/satthumbnailsmall-74c63b5eb3-7e646b6e073f241e5ebe39c9edfccb72.png,7
71,Từ vựng SAT - Phần 14,https://tienganhkala.com/blog/tu-vung-sat-phan-14,https://tienganhkala.com/cache/image/blog/satthumbnailsmall-b1df0b00ca-7e646b6e073f241e5ebe39c9edfccb72.png,7
72,Từ vựng SAT - Phần 15,https://tienganhkala.com/blog/tu-vung-sat-phan-15,https://tienganhkala.com/cache/image/blog/satthumbnailsmall-f23adb4ace-7e646b6e073f241e5ebe39c9edfccb72.png,7
73,Từ vựng SAT - Phần 16,https://tienganhkala.com/blog/tu-vung-sat-phan-16,https://tienganhkala.com/cache/image/blog/satthumbnailsmall-8e8ce7f77f-7e646b6e073f241e5ebe39c9edfccb72.png,7
74,Từ vựng SAT - Phần 17,https://tienganhkala.com/blog/tu-vung-sat-phan-17,https://tienganhkala.com/cache/image/blog/satthumbnailsmall-369390ae89-7e646b6e073f241e5ebe39c9edfccb72.png,7
75,Từ vựng SAT - Phần 18,https://tienganhkala.com/blog/tu-vung-sat-phan-18,https://tienganhkala.com/cache/image/blog/satthumbnailsmall-448d8ec2bb-7e646b6e073f241e5ebe39c9edfccb72.png,7
76,Từ vựng TOEFL - Phần 1,https://tienganhkala.com/blog/tu-vung-toefl-phan-1,https://tienganhkala.com/cache/image/blog/toeflthumbnailsmall-22b20906d6-7e646b6e073f241e5ebe39c9edfccb72.png,8
77,Từ vựng TOEFL - Phần 2,https://tienganhkala.com/blog/tu-vung-toefl-phan-2,https://tienganhkala.com/cache/image/blog/toeflthumbnailsmall-7833f47b0c-7e646b6e073f241e5ebe39c9edfccb72.png,8
78,Từ vựng TOEFL - Phần 3,https://tienganhkala.com/blog/tu-vung-toefl-phan-3,https://tienganhkala.com/cache/image/blog/toeflthumbnailsmall-4717359709-7e646b6e073f241e5ebe39c9edfccb72.png,8
79,Từ vựng TOEFL - Phần 4,https://tienganhkala.com/blog/tu-vung-toefl-phan-4,https://tienganhkala.com/cache/image/blog/toeflthumbnailsmall-9e68fe6dd2-7e646b6e073f241e5ebe39c9edfccb72.png,8
80,Từ vựng TOEFL - Phần 5,https://tienganhkala.com/blog/tu-vung-toefl-phan-5,https://tienganhkala.com/cache/image/blog/toeflthumbnailsmall-bdc5c0f846-7e646b6e073f241e5ebe39c9edfccb72.png,8
81,Từ vựng TOEFL - Phần 6,https://tienganhkala.com/blog/tu-vung-toefl-phan-6,https://tienganhkala.com/cache/image/blog/toeflthumbnailsmall-3a7d372861-7e646b6e073f241e5ebe39c9edfccb72.png,8
82,Từ vựng TOEFL - Phần 7,https://tienganhkala.com/blog/tu-vung-toefl-phan-7,https://tienganhkala.com/cache/image/blog/toeflthumbnailsmall-a8fc82cf84-7e646b6e073f241e5ebe39c9edfccb72.png,8
83,Từ vựng TOEFL - Phần 8,https://tienganhkala.com/blog/tu-vung-toefl-phan-8,https://tienganhkala.com/cache/image/blog/toeflthumbnailsmall-d2b90e2c93-7e646b6e073f241e5ebe39c9edfccb72.png,8
84,Từ vựng TOEFL - Phần 9,https://tienganhkala.com/blog/tu-vung-toefl-phan-9,https://tienganhkala.com/cache/image/blog/toeflthumbnailsmall-edf89bd9c5-7e646b6e073f241e5ebe39c9edfccb72.png,8
85,Từ vựng TOEFL - Phần 10,https://tienganhkala.com/blog/tu-vung-toefl-phan-10,https://tienganhkala.com/cache/image/blog/toeflthumbnailsmall-c5a193eb74-7e646b6e073f241e5ebe39c9edfccb72.png,8
86,Từ vựng TOEFL - Phần 11,https://tienganhkala.com/blog/tu-vung-toefl-phan-11,https://tienganhkala.com/cache/image/blog/toeflthumbnailsmall-f01b8f1a86-7e646b6e073f241e5ebe39c9edfccb72.png,8
87,Từ vựng TOEFL - Phần 12,https://tienganhkala.com/blog/tu-vung-toefl-phan-12,https://tienganhkala.com/cache/image/blog/toeflthumbnailsmall-6635917032-7e646b6e073f241e5ebe39c9edfccb72.png,8
88,Từ vựng TOEFL - Phần 13,https://tienganhkala.com/blog/tu-vung-toefl-phan-13,https://tienganhkala.com/cache/image/blog/toeflthumbnailsmall-83d30ae04b-7e646b6e073f241e5ebe39c9edfccb72.png,8
89,Từ vựng TOEFL - Phần 14,https://tienganhkala.com/blog/tu-vung-toefl-phan-14,https://tienganhkala.com/cache/image/blog/toeflthumbnailsmall-974371b24b-7e646b6e073f241e5ebe39c9edfccb72.png,8
90,Từ vựng TOEFL - Phần 15,https://tienganhkala.com/blog/tu-vung-toefl-phan-15,https://tienganhkala.com/cache/image/blog/toeflthumbnailsmall-5ce5316599-7e646b6e073f241e5ebe39c9edfccb72.png,8
91,Từ vựng TOEFL - Phần 16,https://tienganhkala.com/blog/tu-vung-toefl-phan-16,https://tienganhkala.com/cache/image/blog/toeflthumbnailsmall-ef6123e0a0-7e646b6e073f241e5ebe39c9edfccb72.png,8
92,Từ vựng TOEFL - Phần 17,https://tienganhkala.com/blog/tu-vung-toefl-phan-17,https://tienganhkala.com/cache/image/blog/toeflthumbnailsmall-d0be171211-7e646b6e073f241e5ebe39c9edfccb72.png,8
93,Từ vựng TOEFL - Phần 18,https://tienganhkala.com/blog/tu-vung-toefl-phan-18,https://tienganhkala.com/cache/image/blog/toeflthumbnailsmall-8f0da331cf-7e646b6e073f241e5ebe39c9edfccb72.png,8
94,Từ vựng Oxford - Phần 1,https://tienganhkala.com/blog/tu-vung-oxford-phan-1,https://tienganhkala.com/cache/image/blog/oxfordthumbnailsmall-6480d38f09-7e646b6e073f241e5ebe39c9edfccb72.png,9
95,Từ vựng Oxford - Phần 2,https://tienganhkala.com/blog/tu-vung-oxford-phan-2,https://tienganhkala.com/cache/image/blog/oxfordthumbnailsmall-72085a128a-7e646b6e073f241e5ebe39c9edfccb72.png,9
96,Từ vựng Oxford - Phần 3,https://tienganhkala.com/blog/tu-vung-oxford-phan-3,https://tienganhkala.com/cache/image/blog/oxfordthumbnailsmall-abb600ec7d-7e646b6e073f241e5ebe39c9edfccb72.png,9
97,Từ vựng Oxford - Phần 4,https://tienganhkala.com/blog/tu-vung-oxford-phan-4,https://tienganhkala.com/cache/image/blog/oxfordthumbnailsmall-a77fa2c65a-7e646b6e073f241e5ebe39c9edfccb72.png,9
98,Từ vựng Oxford - Phần 5,https://tienganhkala.com/blog/tu-vung-oxford-phan-5,https://tienganhkala.com/cache/image/blog/oxfordthumbnailsmall-2ba0419850-7e646b6e073f241e5ebe39c9edfccb72.png,9
99,Từ vựng Oxford - Phần 6,https://tienganhkala.com/blog/tu-vung-oxford-phan-6,https://tienganhkala.com/cache/image/blog/oxfordthumbnailsmall-b5972ae4f0-7e646b6e073f241e5ebe39c9edfccb72.png,9
100,Từ vựng Oxford - Phần 7,https://tienganhkala.com/blog/tu-vung-oxford-phan-7,https://tienganhkala.com/cache/image/blog/oxfordthumbnailsmall-70d343d33c-7e646b6e073f241e5ebe39c9edfccb72.png,9
101,Từ vựng Oxford - Phần 8,https://tienganhkala.com/blog/tu-vung-oxford-phan-8,https://tienganhkala.com/cache/image/blog/oxfordthumbnailsmall-e18e654c9e-7e646b6e073f241e5ebe39c9edfccb72.png,9
102,Từ vựng Oxford - Phần 9,https://tienganhkala.com/blog/tu-vung-oxford-phan-9,https://tienganhkala.com/cache/image/blog/oxfordthumbnailsmall-08d61f72d0-e769e245c22abbdb16326dcbab25c430.png,9
103,Từ vựng Oxford - Phần 11,https://tienganhkala.com/blog/tu-vung-oxford-phan-11,https://tienganhkala.com/cache/image/blog/oxfordthumbnailsmall-9e3535a8b0-7e646b6e073f241e5ebe39c9edfccb72.png,9
104,Từ vựng Oxford - Phần 12,https://tienganhkala.com/blog/tu-vung-oxford-phan-12,https://tienganhkala.com/cache/image/blog/oxfordthumbnailsmall-60db51c5d4-e769e245c22abbdb16326dcbab25c430.png,9
105,Từ vựng Oxford - Phần 13,https://tienganhkala.com/blog/tu-vung-oxford-phan-13,https://tienganhkala.com/cache/image/blog/oxfordthumbnailsmall-007da97f2f-7e646b6e073f241e5ebe39c9edfccb72.png,9
106,Từ vựng Oxford - Phần 14,https://tienganhkala.com/blog/tu-vung-oxford-phan-14,https://tienganhkala.com/cache/image/blog/oxfordthumbnailsmall-37a21e8a3a-7e646b6e073f241e5ebe39c9edfccb72.png,9
107,Từ vựng Oxford - Phần 15,https://tienganhkala.com/blog/tu-vung-oxford-phan-15,https://tienganhkala.com/cache/image/blog/oxfordthumbnailsmall-2ce121d3ef-7e646b6e073f241e5ebe39c9edfccb72.png,9
108,Từ vựng Oxford - Phần 16,https://tienganhkala.com/blog/tu-vung-oxford-phan-16,https://tienganhkala.com/cache/image/blog/oxfordthumbnailsmall-43d2dd4e4c-7e646b6e073f241e5ebe39c9edfccb72.png,9
109,Từ vựng Oxford - Phần 17,https://tienganhkala.com/blog/tu-vung-oxford-phan-17,https://tienganhkala.com/cache/image/blog/oxfordthumbnailsmall-dabb6dcc80-7e646b6e073f241e5ebe39c9edfccb72.png,9
110,Từ vựng Oxford - Phần 18,https://tienganhkala.com/blog/tu-vung-oxford-phan-18,https://tienganhkala.com/cache/image/blog/oxfordthumbnailsmall-c667c54c62-7e646b6e073f241e5ebe39c9edfccb72.png,9
111,Từ vựng Oxford - Phần 19,https://tienganhkala.com/blog/tu-vung-oxford-phan-19,https://tienganhkala.com/cache/image/blog/oxfordthumbnailsmall-8670387150-7e646b6e073f241e5ebe39c9edfccb72.png,9
112,Từ vựng Oxford - Phần 71,https://tienganhkala.com/blog/tu-vung-oxford-phan-71,https://tienganhkala.com/cache/image/blog/oxfordthumbnailsmall-8890fbd06e-7e646b6e073f241e5ebe39c9edfccb72.png,9
113,Từ vựng Văn phòng - Phần 1,https://tienganhkala.com/blog/tu-vung-van-phong-phan-1,https://tienganhkala.com/cache/image/blog/vanphongsmall-bca78e8d1c-7e646b6e073f241e5ebe39c9edfccb72.png,10
114,Từ vựng Văn phòng - Phần 2,https://tienganhkala.com/blog/tu-vung-van-phong-phan-2,https://tienganhkala.com/cache/image/blog/vanphongsmall-acc61dc994-7e646b6e073f241e5ebe39c9edfccb72.png,10
115,Từ vựng Văn phòng - Phần 3,https://tienganhkala.com/blog/tu-vung-van-phong-phan-3,https://tienganhkala.com/cache/image/blog/vanphongsmall-faf973ef81-7e646b6e073f241e5ebe39c9edfccb72.png,10
116,Từ vựng Văn phòng - Phần 4,https://tienganhkala.com/blog/tu-vung-van-phong-phan-4,https://tienganhkala.com/cache/image/blog/vanphongsmall-e7f3c5e2fa-7e646b6e073f241e5ebe39c9edfccb72.png,10
117,Từ vựng Văn phòng - Phần 5,https://tienganhkala.com/blog/tu-vung-van-phong-phan-5,https://tienganhkala.com/cache/image/blog/vanphongsmall-469503032d-7e646b6e073f241e5ebe39c9edfccb72.png,10
118,Từ vựng Văn phòng - Phần 6,https://tienganhkala.com/blog/tu-vung-van-phong-phan-6,https://tienganhkala.com/cache/image/blog/vanphongsmall-c752041ced-7e646b6e073f241e5ebe39c9edfccb72.png,10
119,Từ vựng Văn phòng - Phần 7,https://tienganhkala.com/blog/tu-vung-van-phong-phan-7,https://tienganhkala.com/cache/image/blog/vanphongsmall-bb994862bb-7e646b6e073f241e5ebe39c9edfccb72.png,10
120,Từ vựng Văn phòng - Phần 8,https://tienganhkala.com/blog/tu-vung-van-phong-phan-8,https://tienganhkala.com/cache/image/blog/vanphongsmall-22e308e844-7e646b6e073f241e5ebe39c9edfccb72.png,10
121,Từ vựng Văn phòng - Phần 9,https://tienganhkala.com/blog/tu-vung-van-phong-phan-9,https://tienganhkala.com/cache/image/blog/vanphongsmall-c1f588c662-7e646b6e073f241e5ebe39c9edfccb72.png,10
122,Từ vựng Văn phòng - Phần 10,https://tienganhkala.com/blog/tu-vung-van-phong-phan-10,https://tienganhkala.com/cache/image/blog/vanphongsmall-982e1c62c2-7e646b6e073f241e5ebe39c9edfccb72.png,10
123,Từ vựng Văn phòng - Phần 11,https://tienganhkala.com/blog/tu-vung-van-phong-phan-11,https://tienganhkala.com/cache/image/blog/vanphongsmall-76923ec984-7e646b6e073f241e5ebe39c9edfccb72.png,10
124,Từ vựng Sinh viên - Phần 1,https://tienganhkala.com/blog/tu-vung-sinh-vien-phan-1,https://tienganhkala.com/cache/image/blog/sinhviensmall-9c2159fb8a-7e646b6e073f241e5ebe39c9edfccb72.png,11
125,Từ vựng Sinh viên - Phần 2,https://tienganhkala.com/blog/tu-vung-sinh-vien-phan-2,https://tienganhkala.com/cache/image/blog/sinhviensmall-64872a4700-7e646b6e073f241e5ebe39c9edfccb72.png,11
126,Từ vựng Sinh viên - Phần 3,https://tienganhkala.com/blog/tu-vung-sinh-vien-phan-3,https://tienganhkala.com/cache/image/blog/sinhviensmall-1434beeb6a-7e646b6e073f241e5ebe39c9edfccb72.png,11
127,Từ vựng Sinh viên - Phần 4,https://tienganhkala.com/blog/tu-vung-sinh-vien-phan-4,https://tienganhkala.com/cache/image/blog/sinhviensmall-2aa2e06b2c-7e646b6e073f241e5ebe39c9edfccb72.png,11
128,Từ vựng Sinh viên - Phần 5,https://tienganhkala.com/blog/tu-vung-sinh-vien-phan-5,https://tienganhkala.com/cache/image/blog/sinhviensmall-fc245ff4c2-7e646b6e073f241e5ebe39c9edfccb72.png,11
129,Từ vựng Sinh viên - Phần 6,https://tienganhkala.com/blog/tu-vung-sinh-vien-phan-6,https://tienganhkala.com/cache/image/blog/sinhviensmall-63c7dd24aa-7e646b6e073f241e5ebe39c9edfccb72.png,11
130,Từ vựng Sinh viên - Phần 7,https://tienganhkala.com/blog/tu-vung-sinh-vien-phan-7,https://tienganhkala.com/cache/image/blog/sinhviensmall-ed417f2720-7e646b6e073f241e5ebe39c9edfccb72.png,11
131,Từ vựng Sơ cấp - Phần 1,https://tienganhkala.com/blog/tu-vung-so-cap-phan-1,https://tienganhkala.com/cache/image/blog/socap-773e843588-7e646b6e073f241e5ebe39c9edfccb72.png,1
132,Từ vựng Sơ cấp - Phần 2,https://tienganhkala.com/blog/tu-vung-so-cap-phan-2,https://tienganhkala.com/cache/image/blog/socap-fca86383cf-7e646b6e073f241e5ebe39c9edfccb72.png,1
133,Từ vựng Sơ cấp - Phần 3,https://tienganhkala.com/blog/tu-vung-so-cap-phan-3,https://tienganhkala.com/cache/image/blog/socap-05696b7921-e769e245c22abbdb16326dcbab25c430.png,1
134,Từ vựng Sơ cấp - Phần 4,https://tienganhkala.com/blog/tu-vung-so-cap-phan-4,https://tienganhkala.com/cache/image/blog/socap-b8cc26141b-7e646b6e073f241e5ebe39c9edfccb72.png,1
135,Từ vựng Sơ cấp - Phần 5,https://tienganhkala.com/blog/tu-vung-so-cap-phan-5,https://tienganhkala.com/cache/image/blog/socap-fd59e6640f-7e646b6e073f241e5ebe39c9edfccb72.png,1
136,Từ vựng Sơ cấp - Phần 6,https://tienganhkala.com/blog/tu-vung-so-cap-phan-6,https://tienganhkala.com/cache/image/blog/socap-e58e35e00e-7e646b6e073f241e5ebe39c9edfccb72.png,1
137,Từ vựng Sơ cấp - Phần 7,https://tienganhkala.com/blog/tu-vung-so-cap-phan-7,https://tienganhkala.com/cache/image/blog/socap-2e4d5d74c0-e769e245c22abbdb16326dcbab25c430.png,1
138,Từ vựng Sơ cấp - Phần 8,https://tienganhkala.com/blog/tu-vung-so-cap-phan-8,https://tienganhkala.com/cache/image/blog/socap-0e8991ed16-7e646b6e073f241e5ebe39c9edfccb72.png,1
139,Từ vựng Sơ cấp - Phần 9,https://tienganhkala.com/blog/tu-vung-so-cap-phan-9,https://tienganhkala.com/cache/image/blog/socap-978ae96e86-7e646b6e073f241e5ebe39c9edfccb72.png,1
140,Từ vựng Sơ cấp - Phần 10,https://tienganhkala.com/blog/tu-vung-so-cap-phan-10,https://tienganhkala.com/cache/image/blog/socap-803ae275df-7e646b6e073f241e5ebe39c9edfccb72.png,1
141,Từ vựng Sơ cấp - Phần 11,https://tienganhkala.com/blog/tu-vung-so-cap-phan-11,https://tienganhkala.com/cache/image/blog/socap-2cc6f71993-7e646b6e073f241e5ebe39c9edfccb72.png,1
142,Từ vựng Sơ cấp - Phần 12,https://tienganhkala.com/blog/tu-vung-so-cap-phan-12,https://tienganhkala.com/cache/image/blog/socap-a7499d7c19-7e646b6e073f241e5ebe39c9edfccb72.png,1
143,Từ vựng Sơ cấp - Phần 13,https://tienganhkala.com/blog/tu-vung-so-cap-phan-13,https://tienganhkala.com/cache/image/blog/socap-6ccd8c4d22-e769e245c22abbdb16326dcbab25c430.png,1
144,Từ vựng Sơ cấp - Phần 14,https://tienganhkala.com/blog/tu-vung-so-cap-phan-14,https://tienganhkala.com/cache/image/blog/socap-2228ce29b2-7e646b6e073f241e5ebe39c9edfccb72.png,1
145,Từ vựng Sơ cấp - Phần 15,https://tienganhkala.com/blog/tu-vung-so-cap-phan-15,https://tienganhkala.com/cache/image/blog/socap-dcf56cdbf0-7e646b6e073f241e5ebe39c9edfccb72.png,1
146,Từ vựng Sơ cấp - Phần 16,https://tienganhkala.com/blog/tu-vung-so-cap-phan-16,https://tienganhkala.com/cache/image/blog/socap-8afd6327c6-7e646b6e073f241e5ebe39c9edfccb72.png,1
147,Từ vựng Sơ cấp - Phần 17,https://tienganhkala.com/blog/tu-vung-so-cap-phan-17,https://tienganhkala.com/cache/image/blog/socap-d0ef6c8069-7e646b6e073f241e5ebe39c9edfccb72.png,1
148,Từ vựng Sơ cấp - Phần 18,https://tienganhkala.com/blog/tu-vung-so-cap-phan-18,https://tienganhkala.com/cache/image/blog/socap-dcf53fca5d-7e646b6e073f241e5ebe39c9edfccb72.png,1
149,Từ vựng Sơ cấp - Phần 19,https://tienganhkala.com/blog/tu-vung-so-cap-phan-19,https://tienganhkala.com/cache/image/blog/socap-4676db6daf-7e646b6e073f241e5ebe39c9edfccb72.png,1
150,Từ vựng Sơ cấp - Phần 20,https://tienganhkala.com/blog/tu-vung-so-cap-phan-20,https://tienganhkala.com/cache/image/blog/socap-b38ef5c4b0-7e646b6e073f241e5ebe39c9edfccb72.png,1
151,Từ vựng Trung cấp - Phần 1,https://tienganhkala.com/blog/tu-vung-trung-cap-phan-1,https://tienganhkala.com/cache/image/blog/trungcap-84f84e6093-7e646b6e073f241e5ebe39c9edfccb72.png,2
152,Từ vựng Trung cấp - Phần 2,https://tienganhkala.com/blog/tu-vung-trung-cap-phan-2,https://tienganhkala.com/cache/image/blog/trungcap-d3c363e4dc-7e646b6e073f241e5ebe39c9edfccb72.png,2
153,Từ vựng Trung cấp - Phần 3,https://tienganhkala.com/blog/tu-vung-trung-cap-phan-3,https://tienganhkala.com/cache/image/blog/trungcap-83f76c2d7c-7e646b6e073f241e5ebe39c9edfccb72.png,2
154,Từ vựng Trung cấp - Phần 4,https://tienganhkala.com/blog/tu-vung-trung-cap-phan-4,https://tienganhkala.com/cache/image/blog/trungcap-9422af6103-7e646b6e073f241e5ebe39c9edfccb72.png,2
155,Từ vựng Trung cấp - Phần 5,https://tienganhkala.com/blog/tu-vung-trung-cap-phan-5,https://tienganhkala.com/cache/image/blog/trungcap-04f8c480b5-7e646b6e073f241e5ebe39c9edfccb72.png,2
156,Từ vựng Trung cấp - Phần 6,https://tienganhkala.com/blog/tu-vung-trung-cap-phan-6,https://tienganhkala.com/cache/image/blog/trungcap-aff48fb63d-7e646b6e073f241e5ebe39c9edfccb72.png,2
157,Từ vựng Trung cấp - Phần 7,https://tienganhkala.com/blog/tu-vung-trung-cap-phan-7,https://tienganhkala.com/cache/image/blog/trungcap-532e04388e-7e646b6e073f241e5ebe39c9edfccb72.png,2
158,Từ vựng Trung cấp - Phần 8,https://tienganhkala.com/blog/tu-vung-trung-cap-phan-8,https://tienganhkala.com/cache/image/blog/trungcap-abc35ccae7-7e646b6e073f241e5ebe39c9edfccb72.png,2
159,Từ vựng Trung cấp - Phần 9,https://tienganhkala.com/blog/tu-vung-trung-cap-phan-9,https://tienganhkala.com/cache/image/blog/trungcap-7caae292be-7e646b6e073f241e5ebe39c9edfccb72.png,2
160,Từ vựng Trung cấp - Phần 10,https://tienganhkala.com/blog/tu-vung-trung-cap-phan-10,https://tienganhkala.com/cache/image/blog/trungcap-349800186e-7e646b6e073f241e5ebe39c9edfccb72.png,2
161,Từ vựng Trung cấp - Phần 11,https://tienganhkala.com/blog/tu-vung-trung-cap-phan-11,https://tienganhkala.com/cache/image/blog/trungcap-d6677d6274-7e646b6e073f241e5ebe39c9edfccb72.png,2
162,Từ vựng Trung cấp - Phần 12,https://tienganhkala.com/blog/tu-vung-trung-cap-phan-12,https://tienganhkala.com/cache/image/blog/trungcap-8b32ef2966-7e646b6e073f241e5ebe39c9edfccb72.png,2
163,Từ vựng Trung cấp - Phần 13,https://tienganhkala.com/blog/tu-vung-trung-cap-phan-13,https://tienganhkala.com/cache/image/blog/trungcap-68d210cb69-7e646b6e073f241e5ebe39c9edfccb72.png,2
164,Từ vựng Trung cấp - Phần 14,https://tienganhkala.com/blog/tu-vung-trung-cap-phan-14,https://tienganhkala.com/cache/image/blog/trungcap-96ef546fca-7e646b6e073f241e5ebe39c9edfccb72.png,2
165,Từ vựng Trung cấp - Phần 15,https://tienganhkala.com/blog/tu-vung-trung-cap-phan-15,https://tienganhkala.com/cache/image/blog/trungcap-eb0753fa21-7e646b6e073f241e5ebe39c9edfccb72.png,2
166,Từ vựng Trung cấp - Phần 16,https://tienganhkala.com/blog/tu-vung-trung-cap-phan-16,https://tienganhkala.com/cache/image/blog/trungcap-571617e26b-7e646b6e073f241e5ebe39c9edfccb72.png,2
167,Từ vựng Cao cấp - Phần 1,https://tienganhkala.com/blog/tu-vung-cao-cap-phan-1,https://tienganhkala.com/cache/image/blog/caocap-3f8d83248f-7e646b6e073f241e5ebe39c9edfccb72.png,3
168,Từ vựng Cao cấp - Phần 2,https://tienganhkala.com/blog/tu-vung-cao-cap-phan-2,https://tienganhkala.com/cache/image/blog/caocap-2a33243a34-7e646b6e073f241e5ebe39c9edfccb72.png,3
169,Từ vựng Cao cấp - Phần 3,https://tienganhkala.com/blog/tu-vung-cao-cap-phan-3,https://tienganhkala.com/cache/image/blog/caocap-1f80030248-7e646b6e073f241e5ebe39c9edfccb72.png,3
170,Từ vựng Cao cấp - Phần 4,https://tienganhkala.com/blog/tu-vung-cao-cap-phan-4,https://tienganhkala.com/cache/image/blog/caocap-37294b1a07-7e646b6e073f241e5ebe39c9edfccb72.png,3
171,Từ vựng Cao cấp - Phần 5,https://tienganhkala.com/blog/tu-vung-cao-cap-phan-5,https://tienganhkala.com/cache/image/blog/caocap-bca570ce2b-7e646b6e073f241e5ebe39c9edfccb72.png,3
172,Từ vựng Cao cấp - Phần 6,https://tienganhkala.com/blog/tu-vung-cao-cap-phan-6,https://tienganhkala.com/cache/image/blog/caocap-d146d32b55-7e646b6e073f241e5ebe39c9edfccb72.png,3
173,Từ vựng Cao cấp - Phần 7,https://tienganhkala.com/blog/tu-vung-cao-cap-phan-7,https://tienganhkala.com/cache/image/blog/caocap-d9da78379c-7e646b6e073f241e5ebe39c9edfccb72.png,3
174,Từ vựng Cao cấp - Phần 8,https://tienganhkala.com/blog/tu-vung-cao-cap-phan-8,https://tienganhkala.com/cache/image/blog/caocap-13c0bfe756-7e646b6e073f241e5ebe39c9edfccb72.png,3
175,Từ vựng Cao cấp - Phần 9,https://tienganhkala.com/blog/tu-vung-cao-cap-phan-9,https://tienganhkala.com/cache/image/blog/caocap-926b8c8fd7-7e646b6e073f241e5ebe39c9edfccb72.png,3
176,Từ vựng Cao cấp - Phần 10,https://tienganhkala.com/blog/tu-vung-cao-cap-phan-10,https://tienganhkala.com/cache/image/blog/caocap-b345587341-7e646b6e073f241e5ebe39c9edfccb72.png,3
177,Từ vựng Cao cấp - Phần 11,https://tienganhkala.com/blog/tu-vung-cao-cap-phan-11,https://tienganhkala.com/cache/image/blog/caocap-fa6ca91597-7e646b6e073f241e5ebe39c9edfccb72.png,3
178,Từ vựng Cao cấp - Phần 12,https://tienganhkala.com/blog/tu-vung-cao-cap-phan-12,https://tienganhkala.com/cache/image/blog/caocap-e7de64880f-7e646b6e073f241e5ebe39c9edfccb72.png,3
