topic,word,pronunciation,word_type,meaning,example_en,example_vi,image_url,audio_url
124,access,/ˈækses/,n,"quyền truy cập, sự tiếp cận",I cannot easily get access to the Internet.,Tôi không thể dễ dàng có được quyền truy cập vào Internet.,https://audio.tudienkala.com/data/cache/images/300x225/a/c/access1.jpg,https://audio.tudienkala.com/audio/a/c/access.mp3
124,account,/əˈkaʊnt/,n,tài khoản,Your account is invalid.,Tài khoản của bạn không có hiệu lực.,https://audio.tudienkala.com/data/cache/images/300x225/a/c/account1.png,https://audio.tudienkala.com/audio/a/c/account-.mp3
124,achievement,/ə'tʃi:vmənt/,n,"thành tích, thành tựu",He has gained a lot of achievements in the last year.,Anh ấy đã đạt được khá nhiều thành tích trong năm vừa qua.,https://audio.tudienkala.com/data/cache/images/300x225/a/c/achievement1.png,https://audio.tudienkala.com/audio/a/c/achievement.mp3
124,address,/ə'dres/,v,"nhằm vào, trình bày",Marco's business plan addresses the needs of small business owners.,Kế hoạch kinh doanh của Marco nhằm vào nhu cầu của những chủ doanh nghiệp nhỏ.,https://audio.tudienkala.com/data/images_example/300x225/m/a/marcos_bus_ex1_56248cf37f8b9af80c011d69.jpg,https://audio.tudienkala.com/audio/a/d/address.mp3
124,agent,/ˈeɪdʒənt/,n,đại lý,A travel agent can usually find you the best deals on tickets and hotels.,Đại lý du lịch thường có thể tìm cho bạn những giao dịch tốt nhất vè vé và khách sạn.,https://audio.tudienkala.com/data/images_example/300x225/a/_/a_travel_a_ex1_56248d167f8b9a040dc66154.jpg,https://audio.tudienkala.com/audio/a/g/agent.mp3
124,aid,/eɪd/,v,"hỗ trợ, giúp đỡ",Russia has sent money and machinery as aid to the region hit by the storms.,Nga đã gửi tiền và máy móc để hỗ trợ cho vùng bị ảnh hưởng bởi bão.,https://audio.tudienkala.com/data/cache/images/300x225/a/i/aid2.jpg,https://audio.tudienkala.com/audio/a/i/aid.mp3
124,analysis,/əˈnæləsɪs/,n,sự phân tích; kết quả phân tích,The book is an analysis of poverty and its causes.,Cuốn sách này phân tích về cái nghèo và nguyên nhân của nó.,https://audio.tudienkala.com/data/cache/images/300x225/a/n/analysis1.jpg,https://audio.tudienkala.com/audio/a/n/analysis.mp3
124,application,/ˌæplɪˈkeɪʃən/,n,"sự xin việc, ứng tuyển",Susan is writing a letter of application.,Susan đang viết thư xin việc.,https://audio.tudienkala.com/data/cache/images/300x225/a/p/application1.jpg,https://audio.tudienkala.com/audio/a/p/application.mp3
124,apply,/ə'plai/,v,"nộp, ứng tuyển",The college graduate applied for three jobs and received three offers.,Người tốt nghiệp cao đẳng đã xin việc ở 3 nơi và nhận được 3 lời mời chào.,https://audio.tudienkala.com/data/cache/images/300x225/a/p/apply1.jpg,https://audio.tudienkala.com/audio/a/p/apply.mp3
124,appreciate,/əˈpriːʃieɪt/,v,"đánh giá cao, cảm kích",We would appreciate you letting us know of any problems.,Chúng tôi sẽ đánh giá cao việc bạn cho chúng tôi biết về bất kỳ vấn đề nào.,https://audio.tudienkala.com/data/images_example/300x225/y/o/your_suppo_ex1_56248cfa7f8b9afa0cb17cbc.jpg,https://audio.tudienkala.com/audio/a/p/appreciate.mp3
124,assess,/ə'ses/,v,"đánh giá, ước lượng",The insurance rate Mr. Victor was assessed went up this year after he admitted that he had started smoking again.,Mức phí bảo hiểm mà ông Victor được định giá tăng lên sau khi ông thú nhận đã bắt đầu hút thuốc trở lại.,https://audio.tudienkala.com/data/cache/images/300x225/a/s/assess1.png,https://audio.tudienkala.com/audio/a/s/assess.mp3
124,assist,/ə'sist/,v,"giúp đỡ, có mặt",Bonnie hired a secretary to assist her with the many details of the event.,Bonnie đã thuê một thư ký để trợ giúp cô về rất nhiều chi tiết của sự kiện.,https://audio.tudienkala.com/data/cache/images/300x225/a/s/assist1.png,https://audio.tudienkala.com/audio/a/s/assist.mp3
124,available,/əˈveɪləbl/,adj,"có sẵn, sẵn sàng",This was the only room available.,Đây là căn phòng duy nhất có sẵn.,https://audio.tudienkala.com/data/images_example/300x225/t/h/this_was_t_ex1_56248d007f8b9afc0c298119.jpg,https://audio.tudienkala.com/audio/a/v/available.mp3
124,background,/'bækgraund/,n,"kiến thức, kinh nghiệm",Your background in the publishing industry is a definite asset for this job.,Kiến thức của anh trong công nghiệp xuất bản là một vốn quý rõ ràng cho công việc này.,https://audio.tudienkala.com/data/cache/images/300x225/b/a/background1.jpg,https://audio.tudienkala.com/audio/b/a/background.mp3
124,benefit,/'benifit/,n,lợi ích,The discovery of oil brought many benefits to the country.,Việc phát hiện ra dầu hỏa mang đến nhiều lợi ích cho đất nước đó.,https://audio.tudienkala.com/data/images_example/300x225/t/h/the_discov_ex1_56248d157f8b9a040dc65ecc.jpg,https://audio.tudienkala.com/audio/b/e/benefit.mp3
124,blue-chip,/bluː tʃɪp,adj,(Tài chính) đầu tư cổ phần chắc chắn,Which blue-chip company shares are best to invest?,Những cổ phiếu của công ty hàng đầu nào là đầu tư tốt nhất?,https://audio.tudienkala.com/data/cache/images/300x225/b/l/blue-chip1.jpg,https://audio.tudienkala.com/audio/b/l/blue-chip.mp3
124,budget,/ˈbʌdʒɪt/,n,"ngân sách, ngân quỹ",The company will have to prepare bigger budget for this department next year.,Công ty sẽ phải dự thảo ngân sách nhiều hơn cho bộ phận này vào năm sau.,https://audio.tudienkala.com/data/cache/images/300x225/b/u/budget1.jpg,https://audio.tudienkala.com/audio/b/u/budget.mp3
124,campaign,/kæmˈpeɪn/,n,chiến dịch,"In October, we decided to start a “Special Christmas Gifts” campaign.","Vào tháng 10, chúng tôi quyết định khởi động chiến dịch “Món quà Giáng sinh đặc biệt”.",https://audio.tudienkala.com/data/cache/images/300x225/c/a/campaign1.jpg,https://audio.tudienkala.com/audio/c/a/campaign.mp3
124,candidate,/'kændidit/,n,"ứng cử viên, thí sinh, người dự tuyển",All of the candidates were ready for the competition.,Tất cả các ứng cử viên đã sẵn sàng cho cuộc thi.,https://audio.tudienkala.com/data/cache/images/300x225/c/a/candidate1.jpg,https://audio.tudienkala.com/audio/c/a/candidate.mp3
124,capable,/ˈkeɪpəbl/,adj,"có tài, có năng lực giỏi",The human brain is capable of recording over 86 million bits of information daily.,Bộ não con người có khả năng ghi lại được trên 86 triệu thông tin mỗi ngày.,https://audio.tudienkala.com/data/cache/images/300x225/c/a/capable1.jpg,https://audio.tudienkala.com/audio/c/a/capable.mp3
124,capital,/'kæpɪtl/,n,thủ đô,Paris is the capital of France.,Paris là thủ đô của Pháp.,https://audio.tudienkala.com/data/cache/images/300x225/c/a/capital1.jpeg,https://audio.tudienkala.com/audio/c/a/capital.mp3
124,certificate,/səˈtɪfɪkət/,n,giấy chứng nhận; chứng chỉ,Please keep this certificate.,Xin giữ giấy chứng nhận này.,https://audio.tudienkala.com/data/cache/images/300x225/c/e/certificate2.jpg,https://audio.tudienkala.com/audio/c/e/certificate.mp3
124,chair,/tʃeə(r)/,n,ghế tựa,The chair has four legs.,Cái ghế tựa có bốn chân.,https://audio.tudienkala.com/data/cache/images/300x225/c/h/chair-l61.jpg,https://audio.tudienkala.com/audio/c/h/chair-l6.mp3
124,challenge,/ˈtʃælɪndʒ/,n,thử thách,The role will be the biggest challenge of his acting career.,Vai diễn này sẽ là thử thách lớn nhất trong sự nghiệp diễn xuất của anh ấy,https://audio.tudienkala.com/data/cache/images/300x225/c/h/challenge1.jpg,https://audio.tudienkala.com/audio/c/h/challenge.mp3
124,character,/ˈkærəktər/,n,nhân vật,He is also the main character in some Hollywood films.,Anh ấy cũng là nhân vật chính trong một số bộ phim của Hollywood.,https://audio.tudienkala.com/data/images_example/300x225/h/e/he_is_also_ex1_56248cf57f8b9af80c012325.jpg,https://audio.tudienkala.com/audio/c/h/character.mp3
124,cheque,/ tʃɛk /,n,séc,Can you cash this cheque?,Bạn có thể đổi tờ séc này ra tiền mặt không?,https://audio.tudienkala.com/data/cache/images/300x225/c/h/cheque1.jpg,https://audio.tudienkala.com/audio/c/h/cheque.mp3
124,chief executive officer,/tʃiːf ɪɡˈzekjətɪv ˈɔːfɪsər/,n,giám đốc điều hành,"Mr. Immelt has been named one of the ""World's Best CEOs"" three times by Barron's.","Ông Immelt đã được mệnh danh là một trong những ""Giám đốc điều hành xuất sắc nhất thế giới"" ba lần bởi Barron.",https://audio.tudienkala.com/data/cache/images/300x225/c/h/chief_executive_officer1.jpg,https://audio.tudienkala.com/audio/c/h/chief_executive_officer.mp3
124,client,/'klaiənt/,n,"khách, khách hàng","We must provide excellent services for our clients, otherwise we will lose them to our competition.","Chúng ta phải cung cấp các dịch vụ xuất sắc cho khách hàng của mình, bằng không chúng ta sẽ để mất họ vào tay đối thủ.",https://audio.tudienkala.com/data/cache/images/300x225/c/l/client1.jpg,https://audio.tudienkala.com/audio/c/l/client.mp3
124,collect,/kə'lekt/,v,"thu nhặt, sưu tập",I often collect stamps.,Tôi thường sưu tập tem.,https://audio.tudienkala.com/data/cache/images/300x225/c/o/collect1.jpg,https://audio.tudienkala.com/audio/c/o/collect.mp3
124,commitment,/kəˈmɪtmənt,n,sự tận tâm,She has made a commitment to do her job well.,Cô đã làm một cam kết làm tốt công việc của mình.,https://audio.tudienkala.com/data/cache/images/300x225/c/o/commitment2.jpg,https://audio.tudienkala.com/audio/c/o/commitment.mp3
124,compensation,/ˌkɑːmpenˈseɪʃn/,n,"sự, tiền đền bù, bồi thường (thiệt hại)",She received a cash sum by way of compensation.,Cô ấy nhận được một khoản bồi thường bằng tiền mặt.,https://audio.tudienkala.com/data/cache/images/300x225/c/o/compensation1.jpg,https://audio.tudienkala.com/audio/c/o/compensation.mp3
124,conduct,/'kɔndəkt/,v,"tiến hành, cư xử",Interviews were conducted over a period of three weeks.,Các cuộc phỏng vấn được tổ chức trong suốt giai đoạn kéo dài 3 tuần.,https://audio.tudienkala.com/data/cache/images/300x225/c/o/conduct1.jpg,https://audio.tudienkala.com/audio/c/o/conduct.mp3
124,confirm,/kənˈfɜː(r)m/,v,xác nhận,Please write to confirm your reservation.,Xin vui lòng viết xác nhận cho việc đặt phòng của bạn.,https://audio.tudienkala.com/data/cache/images/300x225/c/o/confirm1.jpg,https://audio.tudienkala.com/audio/c/o/confirm.mp3
124,consultant,/kənˈsʌltənt/,n,người cố vấn,He is our company's consultant.,Ông ấy là cố vấn của công ty chúng ta.,https://audio.tudienkala.com/data/cache/images/300x225/c/o/consultant1.jpg,https://audio.tudienkala.com/audio/c/o/consultant.mp3
124,contact,/ˈkɒntækt/,v,"tiếp xúc, liên hệ",Manuel contacted at least a dozen car rental agencies to get the best deal.,Manuel đã tiếp xúc với ít nhất một tá đại lý đại lý cho thuê xe để được giao dịch tốt nhất.,https://audio.tudienkala.com/data/cache/images/300x225/c/o/contact1.png,https://audio.tudienkala.com/audio/c/o/contact.mp3
124,contract,/kənˈtrakt/,n,hợp đồng,Are you going to break the contract?,Bạn đang định phá vỡ hợp đồng phải không?,https://audio.tudienkala.com/data/cache/images/300x225/c/o/contracts1.jpg,https://audio.tudienkala.com/audio/c/o/contract.mp3
124,contribute,/kən'tribju:t/,v,đóng góp,Do you contribute anything to this charity?,Bạn có đóng góp gì cho buổi từ thiện này không?,https://audio.tudienkala.com/data/cache/images/300x225/c/o/contribute1.jpg,https://audio.tudienkala.com/audio/c/o/contribute.mp3
124,contribution,/ˌkɒntrɪˈbjuːʃən/,n,sự đóng góp,"A person's true value does not lie in his appearance, but in his achievements and contributions to the community.","Giá trị đích thực của một người không nằm ở vẻ bề ngoài, mà ở những thành tích và đóng góp của họ với cộng đồng.",https://audio.tudienkala.com/data/cache/images/300x225/c/o/contribution1.jpg,https://audio.tudienkala.com/audio/c/o/contribution.mp3
124,cover,/'kʌvə/,v,"che, phủ, trùm, bọc; bao gồm",The passport is covered with leather.,Quyển hộ chiếu được bọc bằng da.,https://audio.tudienkala.com/data/cache/images/300x225/c/o/cover1.jpg,https://audio.tudienkala.com/audio/c/o/cover.mp3
124,customer,/'kʌstəmə/,n,khách hàng (người mua hàng hóa hoặc dịch vụ),Let's make sure all invoices sent to customers are kept in alphabetical order.,Chúng ta phải chắc rằng mọi hóa đơn gửi cho khách hàng được giữ theo thứ tự ABC.,https://audio.tudienkala.com/data/cache/images/300x225/c/u/customer1.jpg,https://audio.tudienkala.com/audio/c/u/customer.mp3
124,deal,/diːl/,n,sự giao dịch,We did a deal with the management on overtime.,Chúng tôi đã có một sự thỏa thuận với ban giám đốc về việc làm thêm giờ.,https://audio.tudienkala.com/data/cache/images/300x225/d/e/deal1.jpg,https://audio.tudienkala.com/audio/d/e/deal.mp3
124,degree,/dɪˈgriː/,n,bằng cấp,I have a master's degree in English.,Tôi có bằng thạc sĩ tiếng Anh.,https://audio.tudienkala.com/data/cache/images/300x225/d/e/degree1.png,https://audio.tudienkala.com/audio/d/e/degree.mp3
124,deposit,/dɪˈpɒzɪt/,n,tiền đặt cọc,The shop promised to keep the goods for me if I paid a deposit.,Cửa hàng hứa sẽ giữ lại hàng cho tôi nếu tôi đưa trước tiền đặt cọc cho họ.,https://audio.tudienkala.com/data/cache/images/300x225/d/e/deposit1.jpg,https://audio.tudienkala.com/audio/d/e/deposit.mp3
124,designer,/dɪˈzaɪnə/,n,nhà thiết kế,He is a talented fashion designer.,Ông ấy là một nhà thiết kế thời trang tài năng.,https://audio.tudienkala.com/data/cache/images/300x225/d/e/designer1.jpg,https://audio.tudienkala.com/audio/d/e/designer.mp3
124,determine,/di'tə:min/,v,"xác định, định rõ","After reading the contract, I was still unable to determine if our company was liable for back wages.","Sau khi đọc hợp đồng, tôi vẫn không thể biết được liệu rằng công ty của chúng tôi có phải chịu trách nhiệm hoàn trả lại lương không.",https://audio.tudienkala.com/data/cache/images/300x225/d/e/determine1.png,https://audio.tudienkala.com/audio/d/e/determine.mp3
124,develop,/di'veləp/,v,phát triển,This job can give you an opportunity to develop new skills.,Công việc này có thể cho bạn cơ hội phát triển các kỹ năng mới.,https://audio.tudienkala.com/data/cache/images/300x225/d/e/develop1.jpg,https://audio.tudienkala.com/audio/d/e/develop.mp3
124,direct,/dɪˈrekt/,v,"làm đạo diễn (phim, kịch..)","Titanic is a romantic film, which was directed by James Cameron.",Titanic là một bộ phim lãng mạn được đạo diễn bởi James Cameron.,https://audio.tudienkala.com/data/images_example/300x225/t/i/titanic_is_ex1_587726597f8b9acf2f8b457b.jpg,https://audio.tudienkala.com/audio/d/i/direct.mp3
124,discuss,/dɪˈskʌs/,v,"thảo luận, tranh luận (một vấn đề gì)",They held a meeting to discuss the future of the company.,Họ đã tổ chức một cuộc họp để thảo luận về tương lai của công ty.,https://audio.tudienkala.com/data/cache/images/300x225/d/i/discuss2.jpg,https://audio.tudienkala.com/audio/d/i/discuss.mp3
124,display,/dis'plei/,v,"hiển thị, trình bày",The accounting program displays a current balance when opened.,Chương trình kế toán hiển thị một con số cân bằng thu chi khi mở (chương trình đó) ra.,https://audio.tudienkala.com/data/cache/images/300x225/d/i/display1.jpg,https://audio.tudienkala.com/audio/d/i/display.mp3
124,document,/ˈdɒkjʊmənt/,n,văn bản,This is the document for the new project.,Đây là văn bản cho dự án mới.,https://audio.tudienkala.com/data/cache/images/300x225/d/o/document1.jpg,https://audio.tudienkala.com/audio/d/o/document.mp3
125,duty,/'dju:ti/,n,"bổn phận, nhiệm vụ",It is my duty to report it to the police.,Nhiệm vụ của tôi là báo cáo nó với cảnh sát.,https://audio.tudienkala.com/data/images_example/300x225/i/t/it_is_my_d_ex1_5816cae97f8b9a24318b45d9.jpg,https://audio.tudienkala.com/audio/d/u/duty.mp3
125,employment,/ɪmˈplɔɪmənt/,n,công việc làm,She is looking for permanent employment.,Cô ta đang tìm việc làm lâu dài.,https://audio.tudienkala.com/data/images_example/300x225/s/h/she_is_loo_ex1_587726597f8b9acf2f8b457f.jpg,https://audio.tudienkala.com/audio/e/m/employment.mp3
125,ensure,/ɪnˈʃʊr/,v,bảo đảm,Please ensure (that) all lights are switched off.,Hãy đảm bảo (rằng) tất cả các đèn đều tắt.,https://audio.tudienkala.com/data/images_example/300x225/p/l/please_ens_ex1_5877265a7f8b9acf2f8b4581.jpg,https://audio.tudienkala.com/audio/e/n/ensure.mp3
125,enterprise,/'entəpraiz/,n,"hãng, công ty, xí nghiệp",The new enterprise quickly established an account with the office supply store.,"Công ty mới thiết lập một cách nhanh chóng bản thanh toán với cửa hàng đồ dùng văn phòng (bàn ghế, văn phòng phẩm, máy fax...).",https://audio.tudienkala.com/data/cache/images/300x225/e/n/enterprise1.jpg,https://audio.tudienkala.com/audio/e/n/enterprise.mp3
125,enthusiasm,/ɛnˈθuziˌæzəm/,n,lòng nhiệt tình,Many employees expressed enthusiasm about the current leaders.,Nhiều nhân viên thể hiện lòng nhiệt tình với người lãnh đạo hiện tại.,https://audio.tudienkala.com/data/cache/images/300x225/e/n/enthusiasm1.png,https://audio.tudienkala.com/audio/e/n/enthusiasm.mp3
125,environment,/ɪnˈvaɪrənmənt/,n,môi trường,We have to protect our environment.,Chúng ta phải bảo vệ môi trường của chúng tôi.,https://audio.tudienkala.com/data/cache/images/300x225/e/n/environment1.jpg,https://audio.tudienkala.com/audio/e/n/environment.mp3
125,exchange,/ɪksˈtʃeɪndʒ/,v,trao đổi,Everyone in the group exchange business card.,Tất cả mọi người trong nhóm đều trao đổi danh thiếp cho nhau.,https://audio.tudienkala.com/data/cache/images/300x225/e/x/exchange1.jpg,https://audio.tudienkala.com/audio/e/x/exchange.mp3
125,experience,/ɪkˈspɪriəns/,n,kinh nghiệm,Do you have any experience in teaching children?,Bạn có kinh nghiệm dạy trẻ con không?,https://audio.tudienkala.com/data/cache/images/300x225/e/x/experience1.jpg,https://audio.tudienkala.com/audio/e/x/experience.mp3
125,explain,/ɪkˈspleɪn/,v,giải thích,It was difficult to explain the problem to beginners.,Thật khó để giải thích vấn đề này cho những người mới.,https://audio.tudienkala.com/data/cache/images/300x225/e/x/explain1.jpg,https://audio.tudienkala.com/audio/e/x/explain.mp3
125,finance,/ˈfaɪnæns/,n,tài chính,"New York is the center of global finance, communications and business.","New York là trung tâm tài chính, thông tin và kinh tế của toàn thế giới.",https://audio.tudienkala.com/data/cache/images/300x225/f/i/finance1.jpg,https://audio.tudienkala.com/audio/f/i/finance.mp3
125,financial,/faɪˈnænʃl/,adj,(thuộc) tài chính,Tokyo and New York are major financial centres.,Tokyo và New York là trung tâm tài chính lớn.,https://audio.tudienkala.com/data/cache/images/300x225/f/i/financial2.jpg,https://audio.tudienkala.com/audio/f/i/financial.mp3
125,firm,/fɜːrm,n,"hãng, công ty",It's a progressive firm.,Đó là một công ty đang phát triển.,https://audio.tudienkala.com/data/cache/images/300x225/f/i/firm2.jpg,https://audio.tudienkala.com/audio/f/i/firm.mp3
125,focus,/ˈfəʊkəs/,n,"lấy nét, tâm điểm",His comments provided a focus for debate.,Bình luận của anh ấy cung cấp tâm điểm cho cuộc tranh luận.,https://audio.tudienkala.com/data/images_example/300x225/h/i/his_commen_ex1_582ec96f7f8b9aa2078b46d2.jpg,https://audio.tudienkala.com/audio/f/o/focus.mp3
125,function,/fʌŋkʃn/,n,"chức năng, nhiệm vụ",What is the function of this device?,Chức năng của thiết bị này là gì?,https://audio.tudienkala.com/data/cache/images/300x225/f/u/function1.png,https://audio.tudienkala.com/audio/f/u/function.mp3
125,guide,/gaɪd/,n,"hướng dẫn viên, sách hướng dẫn","I don't know where to go, so why don't we consult the guide.","Tôi không biết đi đâu, vậy thì sao chúng ta không hỏi ý kiến hướng dẫn viên.",https://audio.tudienkala.com/data/cache/images/300x225/g/u/guide1.png,https://audio.tudienkala.com/audio/g/u/guide.mp3
125,handle,/ˈhændl/,v,"xử lí, giải quyết",You can handle all these matters.,Bạn có thể xử lý tất cả những vấn đề này.,https://audio.tudienkala.com/data/cache/images/300x225/h/a/handle3.jpg,https://audio.tudienkala.com/audio/h/a/handle.mp3
125,honour,/ˈɑːnər/,n,"danh tiếng, danh dự",The visit was a signal honour.,Chuyến viếng thăm là một niềm vinh dự.,https://audio.tudienkala.com/data/cache/images/300x225/h/o/honour2.jpg,https://audio.tudienkala.com/audio/h/o/honour.mp3
125,human resources,/ˈhjuːmən ˈriːsɔːrs/,n,bộ phận nhân sự,She is working at human resources.,Cô đang làm việc ở bộ phận nhân sự.,https://audio.tudienkala.com/data/cache/images/300x225/h/u/human_resources1.jpg,https://audio.tudienkala.com/audio/h/u/human_resources.mp3
125,improve,/ɪmˈpruːv/,v,tốt lên,I cannot seem to improve my memory even if I try.,Tôi dường như không thể cải thiện trí nhớ của mình ngay cả khi tôi cố gắng.,https://audio.tudienkala.com/data/cache/images/300x225/i/m/improve2.jpg,https://audio.tudienkala.com/audio/i/m/improve.mp3
125,index,/ˈɪndeks/,n,mục lục (Sách thư viện),I am trying to look up a biology book in the index.,Tôi đang cố gắng để tìm một cuốn sách sinh học trong mục lục thư viện.,https://audio.tudienkala.com/data/cache/images/300x225/i/n/index1.jpg,https://audio.tudienkala.com/audio/i/n/index.mp3
125,initiative,/i'niʃiətiv/,n,"bước khởi đầu, sự khởi xướng",Take the initiative and engage your classmates in friendly conversation.,Hãy khởi xướng và thu hút các bạn cùng lớp tham gia vào một cuộc nói chuyện thân thiện.,https://audio.tudienkala.com/data/images_example/300x225/t/a/take_the_i_ex1_56248d127f8b9a020d261a10.jpg,https://audio.tudienkala.com/audio/i/n/initiative.mp3
125,insurance,/ɪnˈʃʊrəns/,n,bảo hiểm,You should seek advice from your financial adviser before deciding on appropriate insurance cover.,Bạn nên tìm kiếm lời khuyên từ các chuyên gia tư vấn tài chính của bạn trước khi quyết định mua bảo hiểm thích hợp.,https://audio.tudienkala.com/data/cache/images/300x225/i/n/insurance1.jpg,https://audio.tudienkala.com/audio/i/n/insurance.mp3
125,interest,/ˈɪntrəst/,n,sở thích,His interests are philosophy and chess.,Sở thích của cậu ấy là triết học và cờ vua.,https://audio.tudienkala.com/data/cache/images/300x225/i/n/interest1.jpg,https://audio.tudienkala.com/audio/i/n/interest.mp3
125,interview,/ˈɪntərvjuː/,n,cuộc phỏng vấn,He has an interview next week for the manager's job.,Anh ấy có một cuộc phỏng vấn vào tuần tới cho công việc của nhà quản lý.,https://audio.tudienkala.com/data/cache/images/300x225/i/n/interview2.jpg,https://audio.tudienkala.com/audio/i/n/interview.mp3
125,job description,/dʒɑːb dɪˈskrɪpʃn/,n,bản mô tả công việc,"A job description should be practical, clear and accurate to effectively define your needs.","Một mô tả công việc phải thực tế, rõ ràng và chính xác để xác định nhu cầu của bạn một cách hiệu quả .",https://audio.tudienkala.com/data/cache/images/300x225/j/o/job_description1.jpg,https://audio.tudienkala.com/audio/j/o/job_description.mp3
125,join,/dʒɔɪn/,v,tham gia,I'm sure everyone will join me in wishing you a very happy birthday.,Tôi chắc chắn rằng tất cả mọi người sẽ cùng tớ gửi tới cậu lời chúc mừng sinh nhật thật hạnh phúc.,https://audio.tudienkala.com/data/cache/images/300x225/j/o/join1.png,https://audio.tudienkala.com/audio/j/o/join.mp3
125,leadership,/ˈliːdərʃɪp/,n,khả năng lãnh đạo; đức tính của người lãnh đạo,Strong leadership is needed to captain the team.,Khả năng lãnh đạo là cần thiết để đội trưởng đội bóng.,https://audio.tudienkala.com/data/cache/images/300x225/l/e/leadership1.jpg,https://audio.tudienkala.com/audio/l/e/leadership.mp3
125,liability,"/,laiə'biliti/",n,"nguy cơ, điều gây khó khăn trở ngại",The slippery steps were a terrible liability for the store.,Những bậc thềm trơn trượt là một nguy cơ tệ hại cho cửa hàng.,https://audio.tudienkala.com/data/cache/images/300x225/l/i/liability1.png,https://audio.tudienkala.com/audio/l/i/liability.mp3
125,maintain,/men'tein/,v,duy trì,Combining physical activity with a healthy diet is the best way to maintain a healthy body weight.,Kết hợp hoạt động thể chất với chế độ ăn uống lành mạnh là cách tốt nhất để duy trì trọng lượng cơ thể khỏe mạnh.,https://audio.tudienkala.com/data/cache/images/300x225/m/a/maintain2.jpg,https://audio.tudienkala.com/audio/m/a/maintain.mp3
125,management,/ˈmænɪdʒmənt/ UK: /ˈmænɪdʒmənt/,n,"(sự) quản lý, quản trị",We need someone with good management style to help with our work.,Chúng tôi cần một người có cách quản lý tốt để giúp đỡ với công việc của chúng tôi.,https://audio.tudienkala.com/data/cache/images/300x225/m/a/management2.jpg,https://audio.tudienkala.com/audio/m/a/management.mp3
125,manager,/ˈmænɪdʒər/,n,giám đốc,He's the manager.,Ông ấy là quản lý.,https://audio.tudienkala.com/data/cache/images/300x225/m/a/manager1.png,https://audio.tudienkala.com/audio/m/a/manager.mp3
125,market,/'mɑ:kit/,n,"thị trường, chợ, nơi mua bán sản phẩm...",My mother goes to the market every morning.,Mẹ tôi đi vào chợ mỗi buổi sáng.,https://audio.tudienkala.com/data/cache/images/300x225/m/a/market1.png,https://audio.tudienkala.com/audio/m/a/market.mp3
125,master,/ˈmɑːstə(r)/,n,chủ nhân,They lived in fear of their master.,Họ sống trong sợ hãi ông chủ của mình.,https://audio.tudienkala.com/data/cache/images/300x225/m/a/master1.jpg,https://audio.tudienkala.com/audio/m/a/master.mp3
125,match,/mætʃ/,v,"ghép, nối",You need to match the following words with their Vietnamese meanings.,Bạn cần nối các từ sau với nghĩa tiếng Việt của chúng.,https://audio.tudienkala.com/data/cache/images/300x225/m/a/match-l61.jpg,https://audio.tudienkala.com/audio/m/a/match-l6.mp3
125,measure,/ˈmeʒər/,v,đo,Can you measure accurately with this ruler?,Cậu có thể đo chính xác với cái thước này không?,https://audio.tudienkala.com/data/cache/images/300x225/m/e/measure1.png,https://audio.tudienkala.com/audio/m/e/measure.mp3
125,merchant,/ˈmɜːtʃənt/,n,"nhà buôn, thương gia",He is a wine merchant.,Anh ta là một nhà buôn rượu.,https://audio.tudienkala.com/data/cache/images/300x225/m/e/merchant1.jpg,https://audio.tudienkala.com/audio/m/e/merchant.mp3
125,monitor,/'mɔnitə/,v,"quan sát, theo dõi",The patient had weekly appointments so that the doctor could monitor their progress.,Người bệnh có các cuộc hẹn hàng tuần để cho bác sĩ có thể theo dõi tiến triển của họ.,https://audio.tudienkala.com/data/images_example/300x225/t/h/the_patien_ex1_56248d177f8b9a040dc662d0.jpg,https://audio.tudienkala.com/audio/m/o/monitor.mp3
125,network,/ˈnetwɜːrk/,v,nối mạng,People stay after the speech to network.,Mọi người ở lại sau bài phát biểu để làm quen với những người cùng chí hướng.,https://audio.tudienkala.com/data/cache/images/300x225/n/e/network1.jpg,https://audio.tudienkala.com/audio/n/e/network.mp3
125,objective,/əbˈdʒektɪv/,n,"mục tiêu, mục đích, khách quan",The main objective of this meeting is to give more information on our plans.,Mục đích chính của cuộc họp này là để cung cấp thêm thông tin về các kế hoạch của chúng tôi.,https://audio.tudienkala.com/data/cache/images/300x225/o/b/objective1.jpg,https://audio.tudienkala.com/audio/o/b/objective.mp3
125,operate,/'ɔpəreit/,v,"vận hành, làm cho hoạt động",The train only operates in this area at the height of the tourist season.,Xe lửa chỉ chạy trong khu vực này vào lúc cao điểm của mùa du lịch.,https://audio.tudienkala.com/data/cache/images/300x225/o/p/operate1.png,https://audio.tudienkala.com/audio/o/p/operate.mp3
125,perform,/pəˈfɔːm/,v,"biểu diễn, trình diễn",A water puppet show is performed in a pool.,Chương trình múa rối nước được biểu diễn trong một cái bể nước.,https://audio.tudienkala.com/data/images_example/300x225/a/_/a_water_pu_ex1_56248cf57f8b9af80c012359.jpg,https://audio.tudienkala.com/audio/p/e/perform.mp3
125,personnel,"/,pə:sə'nel/",n,nhân viên,The employee went to see the director of personnel about taking an extended leave of absence.,Người nhân viên đi gặp giám đốc nhân sự về việc xin gia hạn thời gian nghỉ phép.,https://audio.tudienkala.com/data/cache/images/300x225/p/e/personnel1.png,https://audio.tudienkala.com/audio/p/e/personnel.mp3
125,physical,/ˈfɪzɪkl/,n,khám sức khỏe,"Before starting at this new position, I'll need to take a physical examination.","Trước khi bắt đầu ở vị trí mới này, tôi sẽ cần phải khám sức khỏe.",https://audio.tudienkala.com/data/cache/images/300x225/p/h/physical2.gif,https://audio.tudienkala.com/audio/p/h/physical.mp3
125,position,/pəˈzɪʃn/,n,vị trí,I'm writing to apply for the position of a volunteer guide.,Tôi viết thư để ứng tuyển vị trí hướng dẫn viên tình nguyện.,https://audio.tudienkala.com/data/images_example/300x225/i/m/im_writing_ex1_56248cfb7f8b9afa0cb17d50.jpg,https://audio.tudienkala.com/audio/p/o/position.mp3
125,practitioner,/prækˈtɪʃənər/,n,"thầy thuốc, luật sư đang hành nghề",She was a medical practitioner before she entered politics.,Cô ấy là một bác sĩ trước khi bước vào lĩnh vực chính trị.,https://audio.tudienkala.com/data/cache/images/300x225/p/r/practitioner1.jpg,https://audio.tudienkala.com/audio/p/r/practitioner.mp3
125,pressure,/ˈpreʃər/,n,"sức ép, áp lực",He put too much pressure on the door handle and it snapped.,Anh ta đặt quá nhiều áp lực lên tay nắm cửa và nó bị gãy.,https://audio.tudienkala.com/data/cache/images/300x225/p/r/pressure1.jpg,https://audio.tudienkala.com/audio/p/r/pressure.mp3
125,priority,/praɪˈɒrəti/,n,quyền ưu tiên,My top priority now is to win a place at the university.,Điều ưu tiên lớn nhất của tôi bây giờ là đỗ đại học.,https://audio.tudienkala.com/data/cache/images/300x225/p/r/priority2.png,https://audio.tudienkala.com/audio/p/r/priority.mp3
125,procedure,/prəˈsidʒər/,n,"thủ tục, các bước tiến hành",Call the hospital to schedule this procedure for tomorrow.,Hãy gọi cho bệnh viện để sắp lịch cho thủ tục này vào ngày mai.,https://audio.tudienkala.com/data/cache/images/300x225/p/r/procedure1.png,https://audio.tudienkala.com/audio/p/r/procedure.mp3
125,professional,/prəˈfeʃənəl/,adj,chuyên nghiệp,She's a professional dancer.,Cô ấy là một người khiêu vũ chuyên nghiệp.,https://audio.tudienkala.com/data/cache/images/300x225/p/r/professional1.jpg,https://audio.tudienkala.com/audio/p/r/professional.mp3
126,profit,/ˈprɒfɪt/,n,lợi nhuận,Company profits are down from last year's figures.,Lợi nhuận của công ty giảm so với những con số của năm ngoái.,https://audio.tudienkala.com/data/cache/images/300x225/p/r/profit1.png,https://audio.tudienkala.com/audio/p/r/profit.mp3
126,project,/ˈprɒdʒekt/,v,"kế hoạch, đồ án, dự án",The director projects that the company will need to hire ten new employees his year.,Người giám đốc lập kế hoạch là công ty sẽ cần phải thuê 10 nhân viên mới trong năm nay.,https://audio.tudienkala.com/data/cache/images/300x225/p/r/project2.png,https://audio.tudienkala.com/audio/p/r/project.mp3
126,promote,/prəˈməʊt/,v,"khuyến khích, đẩy mạnh, làm tăng thêm",The youth club in my neighbourhood works to promote awareness of the dangers that threaten our environment.,Câu lạc bộ thanh niên ở vùng tôi hoạt động để tăng thêm nhận thức về những nguy hiểm đe dọa môi trường của chúng ta.,https://audio.tudienkala.com/data/images_example/300x225/t/h/the_youth__ex1_56248d157f8b9a040dc65ef4.jpg,https://audio.tudienkala.com/audio/p/r/promote.mp3
126,prospect,/ˈprɑːspekt/,n,viễn cảnh; triển vọng,The candidate wanted to know the prospects of promotion in the job.,Các ứng cử viên muốn biết về triển vọng thăng tiến trong công việc.,https://audio.tudienkala.com/data/cache/images/300x225/p/r/prospect1.jpg,https://audio.tudienkala.com/audio/p/r/prospect.mp3
126,provide,/prəˈvaɪd/,v,cung cấp,He provides food for the poor on Sunday mornings.,Anh ấy cung cấp đồ ăn cho người nghèo vào các sáng Chủ nhật.,https://audio.tudienkala.com/data/images_example/300x225/h/e/he_provide_ex1_56248d017f8b9afc0c29827d.jpg,https://audio.tudienkala.com/audio/p/r/provide.mp3
126,public,/ˈpʌblɪk/,adj,"công cộng, công",The public services here are quite good.,Các dịch vụ công cộng ở đây là khá tốt.,https://audio.tudienkala.com/data/cache/images/300x225/p/u/public1.jpg,https://audio.tudienkala.com/audio/p/u/public.mp3
126,purchase,/'pθ:tʃəs/,n,"sự mua, tậu; vật mua được, vật tậu được",Over 96% of American households purchase bananas at least once each month.,Hơn 96% các hộ gia đình Hoa Kỳ mua chuối ít nhất mỗi tháng một lần.,https://audio.tudienkala.com/data/cache/images/300x225/p/u/purchase1.png,https://audio.tudienkala.com/audio/p/u/purchase.mp3
126,qualification,"/,kwɔlifi'keiʃn/",n,"năng lực, trình độ (để làm cái gì)",It is easy for him to find a good job with such good qualifications.,Rất dễ dàng cho anh ta để tìm một công việc tốt với trình độ tốt như vậy.,https://audio.tudienkala.com/data/cache/images/300x225/q/u/qualification.jpg,https://audio.tudienkala.com/audio/q/u/qualification.mp3
126,quality,/'kwɔliti/,n,"chất lượng, phẩm chất",The quality of their clothes has fallen ever since they started using cheaper fabrics to make them.,Chất lượng quần áo của họ đã bị sa sút kể từ khi họ bắt đầu dùng các loại vải rẻ tiền hơn để làm ra chúng.,https://audio.tudienkala.com/data/cache/images/300x225/q/u/quality1.jpg,https://audio.tudienkala.com/audio/q/u/quality.mp3
126,receive,/rɪˈsiːv/,v,nhận,She received her prize from the manager.,Cô ấy đã nhận giải thưởng của cô ấy từ người quản lý.,https://audio.tudienkala.com/data/cache/images/300x225/r/e/receive1.png,https://audio.tudienkala.com/audio/r/e/receive.mp3
126,record,/´rekərd/,n,"hồ sơ, sổ sách, biên bản",You should keep a record of your expenses.,Bạn nên lưu trữ lại hồ sơ lưu trữ chi phí khám bệnh của bạn.,https://audio.tudienkala.com/data/images_example/300x225/y/o/you_should_ex1_56248cf57f8b9af80c0121ad.jpg,https://audio.tudienkala.com/audio/r/e/record.mp3
126,reduce,/rɪˈduːs/,v,"giảm, hạ",Doctors will always try to reduce the temperature of patients with fever.,Các bác sĩ sẽ luôn cố gắng để làm giảm nhiệt độ của bệnh nhân bị sốt.,https://audio.tudienkala.com/data/cache/images/300x225/r/e/reduce1.jpg,https://audio.tudienkala.com/audio/r/e/reduce.mp3
126,reference,/ˈrefrəns/,n,thư giới thiệu,I can send two references from my teachers.,Tôi có thể gửi 2 thư giới thiệu từ thầy cô tôi.,https://audio.tudienkala.com/data/images_example/300x225/i/_/i_can_send_ex1_56248cf37f8b9af80c011ee9.jpg,https://audio.tudienkala.com/audio/r/e/reference.mp3
126,relevant,/ˈreləvənt/,adj,có liên quan,a relevant suggestion,một gợi ý liên quan,https://audio.tudienkala.com/data/cache/images/300x225/r/e/relevant1.jpg,https://audio.tudienkala.com/audio/r/e/relevant.mp3
126,reply,/rɪˈplaɪ/,v,"trả lời, đáp lại",I will reply as soon as possible.,Tôi sẽ trả lời sớm nhất có thể.,https://audio.tudienkala.com/data/cache/images/300x225/r/e/reply1.jpg,https://audio.tudienkala.com/audio/r/e/reply.mp3
126,respect,/riˈspekt/,n,"tộn trọng, kính trọng, khâm phục",She was respected by everyone she worked with.,Cô ấy tôn trọng tất cả mọi người mà cô ấy làm việc cùng.,https://audio.tudienkala.com/data/images_example/300x225/s/h/she_was_re_ex1_581ad5ba7f8b9ab2078b45ec.jpg,https://audio.tudienkala.com/audio/r/e/respect.mp3
126,responsibility,"/ris,pɔnsə'biliti/",n,"trách nhiệm, bổn phận","The product development department has a huge responsibility to be sure that the product is safe, even if used improperly.","Bộ phận phát triển sản phẩm có một trách nhiệm to lớn là phải chắc rằng sản phẩm là an toàn, cho dù là sử dụng không đúng cách.",https://audio.tudienkala.com/data/images_example/300x225/t/h/the_produc_ex1_580ec4197f8b9ae2888b458a.jpg,https://audio.tudienkala.com/audio/r/e/responsibility.mp3
126,revenue,/ˈrevənuː/,n,thu nhập (quốc gia),Advertising revenue finances the commercial television channels.,Doanh thu quảng cáo tài trợ cho các kênh truyền hình thương mại.,https://audio.tudienkala.com/data/cache/images/300x225/r/e/revenue1.jpg,https://audio.tudienkala.com/audio/r/e/revenue.mp3
126,review,/rɪˈvjuː/,n,"bài đánh giá, lời đánh giá",The film received generally positive reviews.,Bộ phim nhìn chung đã nhận được nhiều lời đánh giá tích cực.,https://audio.tudienkala.com/data/cache/images/300x225/r/e/review1.jpeg,https://audio.tudienkala.com/audio/r/e/review.mp3
126,salary,/ˈsæləri/,n,lương hàng tháng,The technician was pleased to have a raise in salary after only six months on the job.,Người kỹ thuật viên đã hài lòng khi có sự tăng lương chỉ sau 6 tháng làm việc.,https://audio.tudienkala.com/data/cache/images/300x225/s/a/salary1.png,https://audio.tudienkala.com/audio/s/a/salary.mp3
126,sale,/seɪl/,n,"đợt bán hàng, giảm giá",She gets 10% commission on each sale.,Cô ấy nhận được 10% hoa hồng trên mỗi lần bán hàng.,https://audio.tudienkala.com/data/cache/images/300x225/s/a/sale11.jpg,https://audio.tudienkala.com/audio/s/a/sale1.mp3
126,schedule,/ˈskedʒuːl/,n,"chương trình, lịch trình",The TV schedules are filled with interesting films.,Lịch trình trên TV toàn là những phim hấp dẫn.,https://audio.tudienkala.com/data/cache/images/300x225/s/c/schedule1.png,https://audio.tudienkala.com/audio/s/c/schedule.mp3
126,screen,/skriːn,v,"sàng, lọc (hồ sơ xin việc)",Government employees may be screened by the security services.,Nhân viên chính phủ có thể được kiểm tra bởi các dịch vụ an ninh.,https://audio.tudienkala.com/data/images_example/300x225/g/o/government_ex2_587726677f8b9acf2f8b45a8.png,https://audio.tudienkala.com/audio/s/c/screen.mp3
126,service,/ˈsɜːvɪs/,n,dịch vụ,The food was good but the service was very slow.,Thức ăn thì rất ngon nhưng dịch vụ thì quá tồi.,https://audio.tudienkala.com/data/cache/images/300x225/s/e/service1.jpeg,https://audio.tudienkala.com/audio/s/e/service.mp3
126,shift,/ʃɪft/,v,chuyển dịch,He shifted a little in his chair.,Anh ấy dịch chuyển một chút trên ghế của mình.,https://audio.tudienkala.com/data/images_example/300x225/h/e/he_shifted_ex1_56248cf47f8b9af80c012079.jpg,https://audio.tudienkala.com/audio/s/h/shift.mp3
126,ship,/ʃip/,v,vận chuyển,"Eva shipped the package carefully, since she knew the contents were made of glass.","Eva đã chuyển hàng một cách cẩn thận, bởi vì cô biết bên trong được làm bằng thủy tinh.",https://audio.tudienkala.com/data/images_example/300x225/e/v/eva_shippe_ex1_56248d157f8b9a040dc65f44.jpg,https://audio.tudienkala.com/audio/s/h/ship.mp3
126,skill,/skil/,n,"kỹ năng, kỹ xảo",The software developer has excellent technical skills and would be an asset to our software programming team.,Người phát triển phần mềm có những kỹ năng chuyên môn xuất săc và là một vốn quý đối với đội ngũ lập trình phần mềm của chúng tôi.,https://audio.tudienkala.com/data/cache/images/300x225/s/k/skill1.jpg,https://audio.tudienkala.com/audio/s/k/skill.mp3
126,staff,/stɑːf/,n,nhân viên,The staff are very happy about the latest pay increase.,Đội ngũ nhân viên rất vui về lần tăng lương gần nhất.,https://audio.tudienkala.com/data/cache/images/300x225/s/t/staff1.jpg,https://audio.tudienkala.com/audio/s/t/staff.mp3
126,standard,/ˈstændərd/,n,tiêu chuẩn,"He failed to reach the required standard, and did not qualify for the race.","Anh ta không đạt được các tiêu chuẩn cần thiết, và không đủ điều kiện cho cuộc đua.",https://audio.tudienkala.com/data/cache/images/300x225/s/t/standard2.jpg,https://audio.tudienkala.com/audio/s/t/standard.mp3
126,strength,/'streɳθ/,n,"điểm mạnh, sức mạnh, sức lực",He didn't have the strength to walk any further.,Cậu ấy không còn đủ sức lực để đi xa hơn nữa.,https://audio.tudienkala.com/data/cache/images/300x225/s/t/strength1.jpg,https://audio.tudienkala.com/audio/s/t/strength.mp3
126,suggest,/səˈdʒest/,v,"góp ý, gợi ý",I suggest being on time.,Tôi đề nghị đến đúng giờ.,https://audio.tudienkala.com/data/cache/images/300x225/s/u/suggest1.jpg,https://audio.tudienkala.com/audio/s/u/suggest.mp3
126,support,/sə´pɔ:t/,v,"ủng hộ, hỗ trợ",She supported her husband through many difficult times.,Cô ấy đã hỗ trợ chồng mình qua nhiều thời điểm khó khăn.,https://audio.tudienkala.com/data/cache/images/300x225/s/u/support1.jpg,https://audio.tudienkala.com/audio/s/u/support.mp3
126,survey,/ˈsɜːveɪ/,n,cuộc khảo sát,"According to our survey, Harry Potter is one of the favourite films of teenagers.",Theo khảo sát của chúng tôi thì Harry Potter là một trong những bộ phim yêu thích của thanh thiếu niên.,https://audio.tudienkala.com/data/cache/images/300x225/s/u/survey1.png,https://audio.tudienkala.com/audio/s/u/survey.mp3
126,systems analyst,/ˈsɪstəmz ˈænəlɪst/,n,nhà phân tích hệ thống,The Computer Systems Analyst must first start by understanding their client’s business and what they do on an everyday basis.,Nhà phân tích Hệ thống Máy tính phải bắt đầu bằng cách hiểu được việc kinh doanh của khách hàng và những gì họ làm trên nền tảng hàng ngày.,https://audio.tudienkala.com/data/cache/images/300x225/s/y/systems_analyst1.jpg,https://audio.tudienkala.com/audio/s/y/systems_analyst.mp3
126,target,/'tɑ:git/,n,"mục tiêu, mục đích",The airport terminal was the target of a bomb.,Trạm đến sân bay là mục tiêu của quả bom.,https://audio.tudienkala.com/data/cache/images/300x225/t/a/target2.png,https://audio.tudienkala.com/audio/t/a/target.mp3
126,tax,/tæks/,n,thuế,Tax evasion is illegal.,Trốn thuế là bất hợp pháp.,https://audio.tudienkala.com/data/cache/images/300x225/t/a/tax1.jpg,https://audio.tudienkala.com/audio/t/a/tax.mp3
126,technology,/tɛkˈnɒlədʒi/,n,công nghệ,The company has invested in the latest technology.,Công ty đã đầu tư công nghệ mới nhất.,https://audio.tudienkala.com/data/cache/images/300x225/t/e/technology1.jpg,https://audio.tudienkala.com/audio/t/e/technology.mp3
126,track,/træk/,n,"đường, hướng đi",The track tends upwards.,Con đường mòn hướng lên trên.,https://audio.tudienkala.com/data/cache/images/300x225/t/r/track2.jpg,https://audio.tudienkala.com/audio/t/r/track.mp3
126,training,/'treiniɳ/,n,"‹sự› rèn luyện, tập luyện, huấn luyện, dạy dỗ, đào tạo","The new hire received such good training that, within a week, she was as productive as the other workers.","Người nhân viên mới nhận được sự huấn luyện tốt đến nỗi, trong vòng một tuần, cô đã có năng suất như là các công nhân khác.",https://audio.tudienkala.com/data/cache/images/300x225/t/r/training1.png,https://audio.tudienkala.com/audio/t/r/training.mp3
126,transfer,/trænsˈfɜːr/,v,chuyển,He has been transferred to a national hospital.,Anh ta đã được chuyển đến một bệnh viện quốc gia.,https://audio.tudienkala.com/data/cache/images/300x225/t/r/transfer1.jpg,https://audio.tudienkala.com/audio/t/r/transfer.mp3
126,turnover,/ˈtɜːnəʊvə(r)/,n,"doanh số, doanh thu",An annual turnover of $75 million.,Doanh thu hàng năm là $ 75.000.000.,https://audio.tudienkala.com/data/cache/images/300x225/t/u/turnover1.jpg,https://audio.tudienkala.com/audio/t/u/turnover.mp3
126,union,/ˈjuːniən/,n,công đoàn,I've joined the union.,Tôi đã gia nhập công đoàn.,https://audio.tudienkala.com/data/cache/images/300x225/u/n/union2.jpg,https://audio.tudienkala.com/audio/u/n/union.mp3
126,value,/'vælju:/,v,"đánh giá, định giá","The expert valued the text at $7,000.",Chuyên gia đã định giá nguyên bản/cuốn sách là 7 ngàn đô-la.,https://audio.tudienkala.com/data/cache/images/300x225/v/a/value1.jpg,https://audio.tudienkala.com/audio/v/a/value.mp3
126,variable,/ˈveriəbl/,n,"biến số; vật, lượng, tình huống có thể thay đổi",The quality of the hotel food is distinctly variable.,Chất lượng thức ăn của khách sạn đó thay đổi rõ rệt.,https://audio.tudienkala.com/data/images_example/300x225/t/h/the_qualit_ex2_5877266a7f8b9acf2f8b45b4.jpg,https://audio.tudienkala.com/audio/v/a/variable.mp3
126,venture,/ˈventʃər/,n,cuộc mạo hiểm,How do you feel about man's first venture into space?,Bạn cảm thấy thế nào về cuộc mạo hiểm vào vũ trụ đầu tiên của loài người?,https://audio.tudienkala.com/data/cache/images/300x225/v/e/venture1.png,https://audio.tudienkala.com/audio/v/e/venture.mp3
126,view,/vjuː/,v,xem,There's a special area at the airport where you can view aircraft taking off and landing.,Có một khu vực đặc biệt ở sân bay nơi bạn có thể xem máy bay cất cánh và hạ cánh.,https://audio.tudienkala.com/data/images_example/300x225/t/h/theres_a_s_ex1_56248d0d7f8b9a000de3d1c1.jpg,https://audio.tudienkala.com/audio/v/i/view.mp3
126,weakness,/´wi:knis/,n,"điểm yếu, nhược điểm, khuyết điểm",You must recognize your product's strengths and weaknesses.,Bạn phải nhận ra điểm mạnh và điểm yếu của sản phẩm của bạn.,https://audio.tudienkala.com/data/cache/images/300x225/w/e/weakness1.jpg,https://audio.tudienkala.com/audio/w/e/weakness.mp3
126,work,/wɜ:k/,v,làm việc,She works very hard.,Cô ấy làm việc rất chăm chỉ.,https://audio.tudienkala.com/data/cache/images/300x225/w/o/work1.jpg,https://audio.tudienkala.com/audio/w/o/work.mp3
126,workshop,/ˈwɜːrkʃɑːp/,n,xưởng,We go to the local workshop for repairs.,Chúng tôi tới xưởng trong vùng để sửa chữa đồ đạc.,https://audio.tudienkala.com/data/cache/images/300x225/w/o/workshop1.jpg,https://audio.tudienkala.com/audio/w/o/workshop.mp3
126,yield,/jiːld/,v,sinh lợi,The company's investment yielded high returns.,Việc đầu tư của công ty đã mang lại tiền lãi cao hơn.,https://audio.tudienkala.com/data/cache/images/300x225/y/i/yield2.png,https://audio.tudienkala.com/audio/y/i/yield.mp3
127,accelerate,/əkˈseləreɪt/,v,"thúc đẩy, tăng tốc",I accelerated to overtake the bus.,Tôi tăng tốc để bắt kịp xe buýt.,https://audio.tudienkala.com/data/cache/images/300x225/a/c/accelerate1.png,https://audio.tudienkala.com/audio/a/c/accelerate.mp3
127,accomplishment,/ə'kɔmpliʃmənt/,n,"thành tựu, thành tích; sự hoàn thành, sự làm xong",The success of the company was based on its early accomplishments.,Sự thành công của công ty được dựa trên những thành tựu trước đó của nó.,https://audio.tudienkala.com/data/cache/images/300x225/a/c/accomplishment2.jpg,https://audio.tudienkala.com/audio/a/c/accomplishment.mp3
127,acquire,/ə'kwaiə/,v,"đạt được, thu được",He has acquired a good knowledge of English.,Cậu ấy đã đạt được một kiến thức tốt về tiếng Anh.,https://audio.tudienkala.com/data/cache/images/300x225/a/c/acquire1.png,https://audio.tudienkala.com/audio/a/c/acquire.mp3
127,activate,/ˈæktɪveɪt/,v,kích hoạt,The burglar alarm is activated by movement.,Báo động chống trộm được kích hoạt bằng chuyển động.,https://audio.tudienkala.com/data/images_example/300x225/t/h/the_burgla_ex2_5877266b7f8b9acf2f8b45b8.jpg,https://audio.tudienkala.com/audio/a/c/activate.mp3
127,adapt,/əˈdæpt/,v,thích nghi (với môi trường...),Most of these tools have been specially adapted for use by disabled people.,Hầu hết những công cụ này đã được điều chỉnh đặc biệt để thích hợp cho những người tàn tật.,https://audio.tudienkala.com/data/images_example/300x225/m/o/most_of_th_ex1_5877266b7f8b9acf2f8b45ba.jpg,https://audio.tudienkala.com/audio/a/d/adapt.mp3
127,adjust,/əˈdʒʌst/,v,điều chỉnh,If the chair is too high you can adjust it to suit you.,"Nếu chiếc ghế quá cao, cậu có thể điều chỉnh để nó vừa với cậu.",https://audio.tudienkala.com/data/images_example/300x225/i/f/if_the_cha_ex1_56248cfc7f8b9afa0cb17fcc.jpg,https://audio.tudienkala.com/audio/a/d/adjust.mp3
127,administrator,/ədˈmɪnɪstreɪtər/,n,người quản lý,How to become an HR Administrator?,Làm thế nào để trở thành một nhà quản lí nhân sự?,https://audio.tudienkala.com/data/cache/images/300x225/a/d/administrator1.jpg,https://audio.tudienkala.com/audio/a/d/administrator.mp3
127,adopt,/əˈdɑːpt/,v,"chọn, áp dụng, chấp nhận và làm theo",The couple have decided to adopt a foreign child.,Cặp vợ chồng đã quyết định nhận nuôi một đứa trẻ ngoại quốc.,https://audio.tudienkala.com/data/cache/images/300x225/a/d/adopt1.jpg,https://audio.tudienkala.com/audio/a/d/adopt.mp3
127,advertise,/ˈædvərtaɪz/,v,"quảng cáo, đăng tin (tuyển dụng...)",Companies are not allowed to advertise cigarettes on television any more.,Các công ty không được phép quảng cáo thuốc lá trên truyền hình nữa.,https://audio.tudienkala.com/data/cache/images/300x225/a/d/advertise2.jpg,https://audio.tudienkala.com/audio/a/d/advertise.mp3
127,advise,/ədˈvaɪz/,v,khuyên,I think I'd advise leaving the company.,Tôi nghĩ rằng tôi sẽ khuyên rời khỏi công ty.,https://audio.tudienkala.com/data/cache/images/300x225/a/d/advise1.jpg,https://audio.tudienkala.com/audio/a/d/advise.mp3
127,advocate,/ˈædvəkeɪt/,v,"chủ trương, tán thành",He advocates human rights.,Ông ấy ủng hộ nhân quyền.,https://audio.tudienkala.com/data/cache/images/300x225/a/d/advocate1.png,https://audio.tudienkala.com/audio/a/d/advocate.mp3
127,affirm,/əˈfɜːrm/,v,"khẳng định, xác nhận; quả quyết",I can affirm that no one will lose their job.,Tôi có thể khẳng định rằng sẽ không có ai bị mất việc làm.,https://audio.tudienkala.com/data/cache/images/300x225/a/f/affirm1.jpg,https://audio.tudienkala.com/audio/a/f/affirm.mp3
127,allocate,/ˈæləkeɪt/,v,"cấp cho, phân phối",The office manager did not allocate enough money to purchase software.,Người quản lý văn phòng không cấp đủ tiền để mua sắm phần mềm.,https://audio.tudienkala.com/data/cache/images/300x225/a/l/allocate1.png,https://audio.tudienkala.com/audio/a/l/allocate.mp3
127,analyse,/ˈænəlaɪz/,v,phân tích,The job involves gathering and analysing data.,Công việc liên quan đến việc thu thập và phân tích dữ liệu.,https://audio.tudienkala.com/data/cache/images/300x225/a/n/analyse1.jpg,https://audio.tudienkala.com/audio/a/n/analyse.mp3
127,appoint,/əˈpɔɪnt/,v,"chỉ định, bổ nhiệm",He's just been appointed as director of the publishing division.,Anh ấy vừa được bổ nhiệm làm giám đốc bộ phận xuất bản.,https://audio.tudienkala.com/data/cache/images/300x225/a/p/appoint1.jpg,https://audio.tudienkala.com/audio/a/p/appoint.mp3
127,approve,/əˈpruːv/,v,chấp thuận,We had to wait months for the council to approve our plans to extend the house.,Chúng tôi phải đợi trong nhiều tháng để các hội đồng phê duyệt kế hoạch của chúng tôi mở rộng ngôi nhà.,https://audio.tudienkala.com/data/cache/images/300x225/a/p/approve1.png,https://audio.tudienkala.com/audio/a/p/approve.mp3
127,assign,/əˈsaɪn/,v,phân công,"In my family, I am assigned to take out the garbage.","Trong gia đình tôi, tôi được phân công đổ rác.",https://audio.tudienkala.com/data/cache/images/300x225/a/s/assign2.jpg,https://audio.tudienkala.com/audio/a/s/assign.mp3
127,assurance,/ə'ʃuərəns/,n,"sự cam đoan, bảo đảm",The sales associate gave his assurance that the missing keyboard would be replaced the next day.,Đối tác bán hàng cam đoan rằng ngày mai bàn phím lỗi sẽ được thay.,https://audio.tudienkala.com/data/cache/images/300x225/a/s/assurance1.png,https://audio.tudienkala.com/audio/a/s/assurance.mp3
127,audit,/'ɔ:dit/,v,kiểm toán,The independent accountants audited the company's books.,Những kế toán viên độc lập đã kiểm toán sổ sách kế toán của công ty.,https://audio.tudienkala.com/data/cache/images/300x225/a/u/audit1.png,https://audio.tudienkala.com/audio/a/u/audit.mp3
127,authorize,/´ɔ:θə¸raiz/,v,"uỷ quyền, cho phép, cho quyền",We cannot share the test results with you until we have been authorized to do so by your doctor.,Chúng tôi không thể chia sẻ kết quả xét nghiệm với anh cho đến khi chúng tôi được cho phép làm như vậy bởi bác sĩ của anh.,https://audio.tudienkala.com/data/cache/images/300x225/a/u/authorize1.jpg,https://audio.tudienkala.com/audio/a/u/authorize.mp3
127,automation,/ˌɔːtəˈmeɪʃn,n,sự tự động hoá; kỹ thuật tự động,Automation meant the loss of many factory jobs.,Tự động hóa có nghĩa là mất nhiều việc làm trong nhà máy.,https://audio.tudienkala.com/data/cache/images/300x225/a/u/automation1.jpg,https://audio.tudienkala.com/audio/a/u/automation.mp3
127,bachelor,/ˈbætʃələr/,n,cử nhân,He has a Bachelor of Science.,Anh ta có bằng cử nhân khoa học.,https://audio.tudienkala.com/data/cache/images/300x225/b/a/bachelor1.jpg,https://audio.tudienkala.com/audio/b/a/bachelor.mp3
127,bankrupt,/ˈbæŋkrʌpt/,adj,"vỡ nợ, phá sản",They went bankrupt in 2009.,Họ đã phá sản trong năm 2009.,https://audio.tudienkala.com/data/images_example/300x225/t/h/they_went__ex1_5877266f7f8b9acf2f8b45cc.jpg,https://audio.tudienkala.com/audio/b/a/bankrupt.mp3
127,bonus,/'bounəs/,n,"tiền thưởng, điểm cộng",One of the great bonuses of retirement is having time to spare.,Một trong những điểm cộng tuyệt vời của việc về hưu là có thời gian rảnh rỗi.,https://audio.tudienkala.com/data/cache/images/300x225/b/o/bonus1.jpg,https://audio.tudienkala.com/audio/b/o/bonus.mp3
127,calculate,/ˈkælkjuleɪt/,v,"tính, tính toán",It's difficult to calculate how long the move will take.,Thật khó để tính toán di chuyển sẽ mất bao lâu.,https://audio.tudienkala.com/data/cache/images/300x225/c/a/calculate2.jpg,https://audio.tudienkala.com/audio/c/a/calculate.mp3
127,capability,/ˌkeɪpəˈbɪləti/,n,"khả năng, năng lực",Age affects the range of a person's capabilities.,Độ tuổi ảnh hưởng đến khả năng làm việc của một người.,https://audio.tudienkala.com/data/cache/images/300x225/c/a/capability1.jpg,https://audio.tudienkala.com/audio/c/a/capability.mp3
127,cater,/ˈkeɪtər/,v,cung cấp thức ăn và đồ uống cho một sự kiện,Most of our work now involves catering for weddings.,Hầu hết các công việc của chúng tôi hiện nay liên quan đến việc cung cấp thức ăn và đồ uống cho đám cưới.,https://audio.tudienkala.com/data/cache/images/300x225/c/a/cater1.jpg,https://audio.tudienkala.com/audio/c/a/cater.mp3
127,certify,/ˈsɜːrtɪfaɪ/,v,"chứng nhận, chứng thực (bằng văn bản)",He was certified dead on arrival.,Ông ấy đã được chứng thực là đã chết khi đến.,https://audio.tudienkala.com/data/cache/images/300x225/c/e/certify1.jpg,https://audio.tudienkala.com/audio/c/e/certify.mp3
127,circulate,/ˈsɜːrkjəleɪt/,v,"lưu hành, truyền",The document will be circulated to all members.,Tài liệu này sẽ được truyền đến tất cả các thành viên.,https://audio.tudienkala.com/data/cache/images/300x225/c/i/circulate1.jpg,https://audio.tudienkala.com/audio/c/i/circulate.mp3
127,clarify,/ˈklærəfaɪ/,v,"làm cho sáng sủa, dễ hiểu",This matter must be clarified.,Vấn đề này phải được làm rõ.,https://audio.tudienkala.com/data/cache/images/300x225/c/l/clarify1.jpeg,https://audio.tudienkala.com/audio/c/l/clarify.mp3
127,classify,/ˈklæsɪfaɪ/,v,phân loại,The books in the library are classified by subject.,Sách trong thư viện được phân loại theo môn học.,https://audio.tudienkala.com/data/images_example/300x225/t/h/the_books__ex1_56248d0d7f8b9a000de3d189.jpg,https://audio.tudienkala.com/audio/c/l/classify.mp3
127,collaborate,/kəˈlæbəreɪt/,v,cộng tác,Researchers around the world are collaborating to develop a new vaccine.,Các nhà nghiên cứu trên toàn thế giới đang cộng tác để phát triển một loại vắc xin mới.,https://audio.tudienkala.com/data/cache/images/300x225/c/o/collaborate1.jpg,https://audio.tudienkala.com/audio/c/o/collaborate.mp3
127,commodity,/kəˈmɑːdəti/,n,(Kinh tế) hàng hóa,Crude oil is the world's most important commodity.,Dầu thô là hàng hóa quan trọng nhất của thế giới.,https://audio.tudienkala.com/data/images_example/300x225/c/r/crude_oil__ex2_587726727f8b9acf2f8b45e0.jpg,https://audio.tudienkala.com/audio/c/o/commodity.mp3
127,communicate,/kəˈmjuːnɪkeɪt/,v,giao tiếp,"Thanks to the invention of the telephone, we can communicate with others all over the world.","Nhờ sự ra đời của điện thoại, chúng ta có thể giao tiếp với những người khác trên thế giới.",https://audio.tudienkala.com/data/images_example/300x225/t/h/thanks_to__ex1_582bca8a7f8b9aa1078b4642.jpg,https://audio.tudienkala.com/audio/c/o/communicate.mp3
127,compile,/kəmˈpaɪl/,v,"soạn, biên soạn, soạn thảo",The clerk is responsible for compiling the orders at the end of the day.,Người nhân viên chịu trách nhiệm soạn các đơn đặt hàng vào cuối ngày.,https://audio.tudienkala.com/data/cache/images/300x225/c/o/compile1.png,https://audio.tudienkala.com/audio/c/o/compile.mp3
127,comply,/kəmˈplaɪ/,v,"tuân theo, đồng ý làm theo",They refused to comply with the UN resolution.,Họ từ chối tuân theo các nghị quyết của LHQ.,https://audio.tudienkala.com/data/cache/images/300x225/c/o/comply1.jpg,https://audio.tudienkala.com/audio/c/o/comply.mp3
127,conclude,/kən'klu:d/,v,"kết luận, quyết định","After long discussions, the board has concluded that the project has to be canceled.","Sau những cuộc tranh luận dài, ủy ban đã kết luận rằng dự án phải bị hủy bỏ.",https://audio.tudienkala.com/data/images_example/300x225/a/f/after_long_ex1_56248d167f8b9a040dc66060.jpg,https://audio.tudienkala.com/audio/c/o/conclude.mp3
127,confidential,/ˌkɑːnfɪˈdenʃl/,adj,"giữ kín, bí mật",What we have talked about today is confidential.,Những gì chúng ta đã nói chuyện về ngày hôm nay là bí mật.,https://audio.tudienkala.com/data/cache/images/300x225/c/o/confidential1.png,https://audio.tudienkala.com/audio/c/o/confidential.mp3
127,connect,/kəˈnekt/,v,Kết nối,The towns are connected by train and bus services.,Các thị trấn được kết nối với nhau bởi các dịch vụ tàu lửa và xe buýt.,https://audio.tudienkala.com/data/cache/images/300x225/c/o/connect1.jpg,https://audio.tudienkala.com/audio/c/o/connect.mp3
127,consult,/kən'sʌlt/,v,"tham khảo, hỏi ý kiến, quan tâm","If the pain continues, consult your doctor.","Nếu cơn đau vẫn tiếp tục, thì bạn tham khảo ý kiến bác sĩ của bạn.",https://audio.tudienkala.com/data/cache/images/300x225/c/o/consult1.png,https://audio.tudienkala.com/audio/c/o/consult.mp3
127,cooperate,/koʊˈɑːpəreɪt/,v,hợp tác,The two groups agreed to cooperate with each other.,Hai nhóm đã đồng ý hợp tác với nhau.,https://audio.tudienkala.com/data/cache/images/300x225/c/o/cooperate1.jpg,https://audio.tudienkala.com/audio/c/o/cooperate.mp3
127,coordinate,/kou'ɔ:dneit/,v,kết hợp,You should coordinate your activities with those of other groups.,Em nên kết hợp hoạt động của các em với hoạt động của các nhóm khác.,https://audio.tudienkala.com/data/cache/images/300x225/c/o/coordinate1.png,https://audio.tudienkala.com/audio/c/o/coordinate.mp3
127,counsel,/ˈkaʊnsl/,v,tư vấn,Therapists were brought in to counsel the bereaved.,Các bác sĩ trị liệu được đưa đến để tư vấn cho gia quyến người chết,https://audio.tudienkala.com/data/cache/images/300x225/c/o/counsel1.jpg,https://audio.tudienkala.com/audio/c/o/counsel.mp3
127,coursework,/ˈkɔːrswɜːrk/,n,quá trình học tập,Coursework accounts for 40% of the final marks.,Qúa trình học tập chiếm khoảng 40% điểm tổng kết,https://audio.tudienkala.com/data/cache/images/300x225/c/o/coursework1.jpg,https://audio.tudienkala.com/audio/c/o/coursework.mp3
127,criticize,/ˈkrɪtɪsaɪz/,v,"phê bình, chỉ trích",The government has been criticized.,Chính phủ đã bị chỉ trích.,https://audio.tudienkala.com/data/cache/images/300x225/c/r/criticize2.png,https://audio.tudienkala.com/audio/c/r/criticize.mp3
127,customize,/ˈkʌstəmaɪz/,v,(Tin học) tùy chỉnh,You can customize the software in several ways.,Bạn có thể tùy chỉnh phần mềm theo nhiều cách.,https://audio.tudienkala.com/data/cache/images/300x225/c/u/customize1.jpg,https://audio.tudienkala.com/audio/c/u/customize.mp3
127,deadline,/ˈdedlaɪn/,n,thời hạn chót,The deadline for paying this years's taxes is just two weeks away.,Hạn chót cho việc nộp thuế cho năm nay chỉ còn cách 2 tuần.,https://audio.tudienkala.com/data/cache/images/300x225/d/e/deadline1.png,https://audio.tudienkala.com/audio/d/e/deadline.mp3
127,decision-making,,n,việc ra quyết định,All the staff should be involved in the decision-making process.,Tất cả các nhân viên nên được tham gia vào quá trình ra quyết định.,https://audio.tudienkala.com/data/cache/images/300x225/d/e/decision-making1.jpg,https://audio.tudienkala.com/audio/d/e/decision-making.mp3
128,demonstrate,/'demənstreit/,v,"bày tỏ, biểu lộ, cho thấy; chứng minh, giải thích",Let me demonstrate to you some of the difficulties we are facing.,Hãy để tôi trình bày cho bạn một số khó khăn mà chúng ta đang phải đối mặt.,https://audio.tudienkala.com/data/cache/images/300x225/d/e/demonstrate.jpg,https://audio.tudienkala.com/audio/d/e/demonstrate.mp3
128,developer,/dɪˈveləpər/,n,"người, công ty thiết kế và tạo ra sản phẩm mới",A software developer needs to constantly update his skills.,Một nhà phát triển phần mềm cần phải liên tục cập nhật các kỹ năng của mình,https://audio.tudienkala.com/data/cache/images/300x225/d/e/developer1.png,https://audio.tudienkala.com/audio/d/e/developer.mp3
128,differentiate,/ˌdɪfəˈrenʃieɪt/,v,phân biệt,It's difficult to differentiate between the two varieties.,Thật khó để phân biệt giữa hai loại.,https://audio.tudienkala.com/data/cache/images/300x225/d/i/differentiate1.jpg,https://audio.tudienkala.com/audio/d/i/differentiate.mp3
128,diligence,/´dilidʒəns/,n,"sự siêng năng, cần cù",He shows great diligence in her schoolwork.,Cậu ấy cho thấy sự cần cù rất nhiều trong các bài tập ở lớp và ở nhà của cậu.,https://audio.tudienkala.com/data/cache/images/300x225/d/i/diligence1.jpg,https://audio.tudienkala.com/audio/d/i/diligence.mp3
128,disclaimer,/dɪsˈkleɪmər/,n,"Sự chối từ, giải trừ trách nhiệm",A disclaimer is an obvious and simple device for a trader to use to avoid committing an offence.,Sự từ chối là một phương sách rõ ràng và đơn giản mà thương nhân sử dụng để tránh phạm tội.,https://audio.tudienkala.com/data/cache/images/300x225/d/i/disclaimer1.png,https://audio.tudienkala.com/audio/d/i/disclaimer.mp3
128,distribute,/dɪˈstrɪbjuːt/,v,phân phối,The books will be distributed free to local schools.,Những cuốn sách sẽ được phát miễn phí cho các trường học địa phương.,https://audio.tudienkala.com/data/images_example/300x225/t/h/the_books__ex1_587726767f8b9acf2f8b45f8.png,https://audio.tudienkala.com/audio/d/i/distribute.mp3
128,earn,/ɜːrn/,v,kiếm được (tiền...),He earns about $40000 a year.,Ông kiếm được khoảng $ 40.000 một năm.,https://audio.tudienkala.com/data/cache/images/300x225/e/a/earn1.jpg,https://audio.tudienkala.com/audio/e/a/earn.mp3
128,edit,/ˈedɪt/,v,"sửa chữa, biên tập, hiệu chỉnh",The script needs to be edited.,Kịch bản cần được chỉnh sửa.,https://audio.tudienkala.com/data/cache/images/300x225/e/d/edit1.png,https://audio.tudienkala.com/audio/e/d/edit.mp3
128,educate,/ˈedʒukeɪt/,v,"giáo dục, dạy",The programme educates people on the habits of animals.,Chương trình này dạy mọi người về các thói quen của các loài động vật.,https://audio.tudienkala.com/data/cache/images/300x225/e/d/educate2.jpg,https://audio.tudienkala.com/audio/e/d/educate.mp3
128,eliminate,/ɪˈlɪmɪneɪt/,v,loại ra,Two contestants were eliminated from last night’s show.,Hai thí sinh đã bị loại khỏi buổi biểu diễn tối qua.,https://audio.tudienkala.com/data/cache/images/300x225/e/l/eliminate1.png,https://audio.tudienkala.com/audio/e/l/eliminate.mp3
128,enclosed,/ɪnˈkloʊzd/,adj,được gửi kèm,Please complete the enclosed application form.,Vui lòng điền vào mẫu đơn được gởi kèm.,https://audio.tudienkala.com/data/images_example/300x225/p/l/please_com_ex2_587726777f8b9acf2f8b45fe.png,https://audio.tudienkala.com/audio/e/n/enclosed.mp3
128,endeavour,/ɪnˈdevər/,n,"(sự) cố gắng, nỗ lực",Please make every endeavour to arrive on time.,Hãy thực hiện mọi nỗ lực để đến đúng giờ.,https://audio.tudienkala.com/data/cache/images/300x225/e/n/endeavour1.jpg,https://audio.tudienkala.com/audio/e/n/endeavour.mp3
128,endorse,/ɪnˈdɔːrs/,v,"xác nhận, chứng thực chất lượng được quảng cáo (của món hàng...)",I wholeheartedly endorse his remarks.,Tôi hết lòng tán thành ý kiến phát biểu của anh ấy.,https://audio.tudienkala.com/data/cache/images/300x225/e/n/endorse1.png,https://audio.tudienkala.com/audio/e/n/endorse.mp3
128,end-user,/end ˈjuːzər/,n,là người sử dụng những sản phẩm tin học,Programs are tailored to meet the needs of end users and their own business environments.,Các chương trình được thiết kế để đáp ứng nhu cầu của người dùng và môi trường kinh doanh riêng của họ.,https://audio.tudienkala.com/data/cache/images/300x225/e/n/end-user1.png,https://audio.tudienkala.com/audio/e/n/end-user.mp3
128,enforce,/ɪnˈfɔːrs/,v,làm cho có hiệu lực; bắt tuân theo; đem thi hành (luật lệ),It's the job of the police to enforce the law.,Đó là công việc của cảnh sát thực thi pháp luật.,https://audio.tudienkala.com/data/cache/images/300x225/e/n/enforce1.jpg,https://audio.tudienkala.com/audio/e/n/enforce.mp3
128,enhance,/in'hɑ:ns/,v,"nâng cao, tăng cường",This is an opportunity to enhance the reputation of the company.,Đây là cơ hội để nâng cao danh tiếng của công ty.,https://audio.tudienkala.com/data/cache/images/300x225/e/n/enhance2.png,https://audio.tudienkala.com/audio/e/n/enhance.mp3
128,enquire,/ɪnˈkwaɪər/,v,hỏi,I am writing to enquire about some necessary skills that I need to have for this job.,Tôi viết bức thư này để hỏi về những kĩ năng mà tôi cần có cho công việc này.,https://audio.tudienkala.com/data/cache/images/300x225/e/n/enquire1.png,https://audio.tudienkala.com/audio/e/n/enquire.mp3
128,entry-level,/ˈentri ˈlevl/,adj,ở cấp thấp nhất trong công ty,"In the job environment, entry-level position is the starting position for a person with little or no experience, usually at minimum wage or a scale lower than most experienced workers.","Trong môi trường công việc, vị trí khởi đầu là vị trí bắt đầu cho",https://audio.tudienkala.com/data/cache/images/300x225/e/n/entry-level1.jpg,https://audio.tudienkala.com/audio/e/n/entry-level.mp3
128,equip,/ɪˈkwɪp/,v,trang bị,It's going to cost $4 million to equip the hospital.,Sẽ mất bốn triệu đô la để trang bị cho bệnh viện đó.,https://audio.tudienkala.com/data/cache/images/300x225/e/q/equip1.jpg,https://audio.tudienkala.com/audio/e/q/equip.mp3
128,estimation,/ˌestɪˈmeɪʃn/,n,sự đánh giá; sự ước lượng,Estimations of our total world sales are around 50 million.,Ước lượng tổng doanh số bán hàng của chúng tôi trên thế giới là khoảng 50 triệu USD.,https://audio.tudienkala.com/data/cache/images/300x225/e/s/estimation1.jpg,https://audio.tudienkala.com/audio/e/s/estimation.mp3
128,evaluate,/i'væljueit/,v,"đánh giá, định giá; ước lượng",It's important to evaluate your competition when making a business plan.,Đánh giá sức cạnh tranh của bạn là việc quan trọng khi lập một kế hoạch kinh doanh.,https://audio.tudienkala.com/data/cache/images/300x225/e/v/evaluate1.png,https://audio.tudienkala.com/audio/e/v/evaluate.mp3
128,execute,/ˈeksɪkjuːt/,v,"thực hiện, thi hành",The crime was very cleverly executed.,Các tội phạm đã được thực hiện rất khéo léo.,https://audio.tudienkala.com/data/cache/images/300x225/e/x/execute1.jpg,https://audio.tudienkala.com/audio/e/x/execute.mp3
128,expand,/iks'pænd/,v,"mở rộng, phát triển",The telephone networks in rural areas should be expanded.,Mạng lưới điện thoại ở các vùng sâu vùng xa nên được mở rộng.,https://audio.tudienkala.com/data/cache/images/300x225/e/x/expand1.jpg,https://audio.tudienkala.com/audio/e/x/expand.mp3
128,extra-curricular,/ˈekstrə kəˈrɪkjələr/,adj,ngoại khóa,She's involved in many extra-curricular activities.,Cô ấy tham gia nhiều hoạt động ngoại khóa.,https://audio.tudienkala.com/data/cache/images/300x225/e/x/extra-curricular1.jpg,https://audio.tudienkala.com/audio/e/x/extra-curricular.mp3
128,facilitate,/fə'siliteit/,v,"làm cho dễ dàng, làm cho thuận tiện",The computer program facilitated the scheduling of appointments.,Chương trình máy tính làm cho việc lập lịch các buổi hẹn được thuận tiện.,https://audio.tudienkala.com/data/cache/images/300x225/f/a/facilitate1.png,https://audio.tudienkala.com/audio/f/a/facilitate.mp3
128,familiarize,/fəˈmɪliəraɪz/,v,"làm cho quen (với vấn đề gì, công việc gì...)",You'll need time to familiarize yourself with our procedures.,Bạn sẽ cần thời gian để làm quen với các thủ tục của chúng tôi.,https://audio.tudienkala.com/data/images_example/300x225/y/o/youll_need_ex2_5877267a7f8b9acf2f8b4612.jpg,https://audio.tudienkala.com/audio/f/a/familiarize.mp3
128,fiscal,/ˈfɪskl/,adj,(thuộc) công khố; (thuộc) tài chính,The Finance Ministry changed its fiscal policy.,Bộ Tài chính đã thay đổi chính sách tài chính.,https://audio.tudienkala.com/data/cache/images/300x225/f/i/fiscal1.jpg,https://audio.tudienkala.com/audio/f/i/fiscal.mp3
128,flexible,/ˈfleksəbl/,adj,"linh động, linh hoạt",You need to be more flexible and imaginative in your approach.,Bạn cần phải linh hoạt hơn và giàu trí tưởng tượng trong cách tiếp cận của mình.,https://audio.tudienkala.com/data/cache/images/300x225/f/l/flexible1.jpg,https://audio.tudienkala.com/audio/f/l/flexible.mp3
128,fluent,/verb/,adj,trôi chảy,He's fluent in English.,Cậu ấy lưu loát tiếng Anh.,https://audio.tudienkala.com/data/cache/images/300x225/f/l/fluent1.png,https://audio.tudienkala.com/audio/f/l/fluent.mp3
128,forensic,/fəˈrensɪk or fəˈrenzɪk/,adj,(thuộc) pháp y,Forensic tests showed him to be the killer.,Kết quả giám định pháp y cho thấy hắn là kẻ giết người.,https://audio.tudienkala.com/data/cache/images/300x225/f/o/forensic1.jpg,https://audio.tudienkala.com/audio/f/o/forensic.mp3
128,formulate,/ˈfɔːrmjuleɪt/,v,"tạo ra, chuẩn bị",This new kitchen cleaner is formulated to cut through grease and dirt.,Đây là căn bếp mới và sạch sẽ được tạo ra để giảm thiểu dầu mỡ và bụi bẩn.,https://audio.tudienkala.com/data/cache/images/300x225/f/o/formulate1.jpg,https://audio.tudienkala.com/audio/f/o/formulate.mp3
128,forward-looking,/ˈfɔːrwərd ˈlʊkɪŋ/,adj,"biết hướng về phía trước, nhìn về tương lai",We need someone dynamic and forward-looking.,Chúng tôi cần một ai đó năng động và nhìn về tương lai.,https://audio.tudienkala.com/data/cache/images/300x225/f/o/forward-looking1.jpg,https://audio.tudienkala.com/audio/f/o/forward-looking.mp3
128,foster,/ˈfɔːstər/,v,"ấp ủ, nuôi dưỡng, thúc đẩy",The club's aim is to foster better relations within the community.,Mục đích của câu lạc bộ là để thúc đẩy các mối quan hệ tốt hơn trong cộng đồng.,https://audio.tudienkala.com/data/cache/images/300x225/f/o/foster1.jpg,https://audio.tudienkala.com/audio/f/o/foster.mp3
128,freelance,/ˈfriːlæns/,adj,làm nghề tự do,Linda has worked in Yemen as a freelance journalist since 2012.,Linda đã làm việc tại Yemen như một nhà báo tự do kể từ năm 2012.,https://audio.tudienkala.com/data/cache/images/300x225/f/r/freelance1.jpg,https://audio.tudienkala.com/audio/f/r/freelance.mp3
128,fulfil,,v,"thực hiện, hoàn thành, làm trọn (nhiệm vụ...)",,,https://audio.tudienkala.com/data/cache/images/300x225/f/u/fulfil1.jpg,
128,generate,/'dʤenəreit/,v,"làm ra, tạo ra, phát ra",The new training program generated a lot of interest among employees.,Chương trình huấn luyện mới đã tạo ra nhiều lợi ích cho mỗi nhân viên.,https://audio.tudienkala.com/data/cache/images/300x225/g/e/generate1.png,https://audio.tudienkala.com/audio/g/e/generate.mp3
128,graduate,/ˈɡrædʒuət/,n,"người tốt nghiệp đại học, có bằng cử nhân",She's an RMIT graduate.,Cô ấy là sinh viên tốt nghiệp trường RMIT.,https://audio.tudienkala.com/data/cache/images/300x225/g/r/graduate1.jpg,https://audio.tudienkala.com/audio/g/r/graduate.mp3
128,hire,/'haiə/,v,"thuê, mướn; tiền trả công",She was hired after her third interview.,Cô ta đã được thuê sau lần phỏng vấn thứ ba.,https://audio.tudienkala.com/data/cache/images/300x225/h/i/hire1.jpg,https://audio.tudienkala.com/audio/h/i/hire.mp3
128,hub,/hʌb/,n,(nghĩa bóng) trung tâm,The kitchen was the hub of family life.,Nhà bếp là trung tâm của cuộc sống gia đình.,https://audio.tudienkala.com/data/images_example/300x225/t/h/the_kitche_ex2_5877267e7f8b9acf2f8b4626.png,https://audio.tudienkala.com/audio/h/u/hub.mp3
128,implement,/ˈɪmplɪment/,v,"thi hành, thực hiện",The contract was implemented after everyone agreed.,Hợp đồng đã được thi hành sau khi tất cả mọi người đồng ý.,https://audio.tudienkala.com/data/cache/images/300x225/i/m/implement2.jpg,https://audio.tudienkala.com/audio/i/m/implement.mp3
128,improvise,/ˈɪmprəvaɪz/,v,"ứng biến, làm gì đó mà không chuẩn bị trước","During the rap battles, the rappers were asked to improvise a song based on a specific word.","Trong các trận đấu đọc rap, các rapper đã được yêu cầu ngẫu hứng một bài hát dựa trên một từ cụ thể.",https://audio.tudienkala.com/data/cache/images/300x225/i/m/improvise2.jpg,https://audio.tudienkala.com/audio/i/m/improvise.mp3
128,inform,/ɪnˈfɔːrm/,v,báo tin cho; cho biết; cung cấp tin tức,We regret to inform you that your account has been suspended.,Chúng tôi rất tiếc phải thông báo rằng tài khoản của bạn đã bị treo.,https://audio.tudienkala.com/data/cache/images/300x225/i/n/inform1.jpg,https://audio.tudienkala.com/audio/i/n/inform.mp3
128,innovate,/ˈɪnəveɪt/,v,"sáng kiến, đổi mới",We must constantly adapt and innovate to ensure success in a growing market.,Chúng tôi liên tục phải thích nghi và đổi mới để đảm bảo thành công trong một thị trường đang phát triển.,https://audio.tudienkala.com/data/cache/images/300x225/i/n/innovate2.jpg,https://audio.tudienkala.com/audio/i/n/innovate.mp3
128,insert,/ɪnˈsɜːt/,v,"chèn vào, cho vào",You have to insert the key into the lock.,Bạn phải tra chìa khóa vào ổ khóa.,https://audio.tudienkala.com/data/cache/images/300x225/i/n/insert1.jpg,https://audio.tudienkala.com/audio/i/n/insert.mp3
128,in-service,/NA/,adj,được thực hiện lúc đang làm việc; tại chức,They combine in-service training with regular training.,Họ kết hợp đào tạo tại chức với đào tạo chính quy.,https://audio.tudienkala.com/data/images_example/300x225/t/h/they_combi_ex2_587726807f8b9acf2f8b4630.png,https://audio.tudienkala.com/audio/i/n/in-service.mp3
128,inspiration,"/,inspə'reiʃn/",n,cảm hứng,Nature is a source of inspiration for inventors.,Thiên nhiên là nguồn cảm hứng cho các nhà phát minh.,https://audio.tudienkala.com/data/cache/images/300x225/i/n/inspiration2.jpg,https://audio.tudienkala.com/audio/i/n/inspiration.mp3
128,install,/ɪnˈstɔːl/,v,"lắp đặt, cài đặt",A fire extinguisher is being installed in this house.,Bình chữa cháy đang được cài đặt trong ngôi nhà này.,https://audio.tudienkala.com/data/images_example/300x225/a/_/a_fire_ext_ex1_56248cfc7f8b9afa0cb17ff0.png,https://audio.tudienkala.com/audio/i/n/install.mp3
128,instruct,/ɪnˈstrʌkt/,v,"chỉ dẫn, chỉ thị cho",You will be instructed where to go as soon as the plane is ready.,Bạn sẽ được chỉ dẫn đi đâu ngay sau khi máy bay đã sẵn sàng.,https://audio.tudienkala.com/data/images_example/300x225/y/o/you_will_b_ex2_587726807f8b9acf2f8b4632.png,https://audio.tudienkala.com/audio/i/n/instruct.mp3
128,interact,/ˌɪntərˈækt/,v,"tương tác, tiếp xúc",Volunteers have a chance to interact closely with the local people.,Các tình nguyện viên có cơ hội được tiếp xúc gần gũi với người dân địa phương.,https://audio.tudienkala.com/data/images_example/300x225/v/o/volunteers_ex1_56248d017f8b9afc0c2981ed.png,https://audio.tudienkala.com/audio/i/n/interact.mp3
129,internship,/ˈɪntɜːrnʃɪp/,n,kỳ thực tập,I gained a lot of experience after finishing my internship.,Tôi đã tích lũy được rất nhiều kinh nghiệm sau khi hoàn tất kỳ thực tập của mình.,https://audio.tudienkala.com/data/cache/images/300x225/i/n/internship1.jpg,https://audio.tudienkala.com/audio/i/n/internship.mp3
129,interpersonal,/ˌɪntərˈpɜːrsənl/,adj,"giữa cá nhân với nhau, liên nhân","To enter this university, you need to have excellent interpersonal skills.",Để vào được trường đại học này bạn cần có những kĩ năng liên nhân cực tốt.,https://audio.tudienkala.com/data/cache/images/300x225/i/n/interpersonal1.jpg,https://audio.tudienkala.com/audio/i/n/interpersonal.mp3
129,invent,/ɪnˈvent/,v,"phát minh, sáng chế",Who invented the steam engine?,Ai phát minh ra động cơ hơi nước?,https://audio.tudienkala.com/data/cache/images/300x225/i/n/invent2.jpg,https://audio.tudienkala.com/audio/i/n/invent.mp3
129,landline,/ˈlændlaɪn/,n,"điện thoại bàn, điện thoại cố định",I'll call you later on the landline.,Tôi sẽ gọi cho bạn sau bằng điện thoại bàn,https://audio.tudienkala.com/data/cache/images/300x225/l/a/landline1.png,https://audio.tudienkala.com/audio/l/a/landline.mp3
129,liaison,/liˈeɪzɑːn/,n,"người liên lạc, liên kết",He's a liaison officer.,Anh ta là sĩ quan liên lạc.,https://audio.tudienkala.com/data/images_example/300x225/h/e/hes_aliais_ex2_587726827f8b9acf2f8b463c.jpg,https://audio.tudienkala.com/audio/l/i/liaison.mp3
129,licence,/ˈlaɪsns/,n,giấy phép,James lost his licence for six months.,James bị tước giấy phép của anh ta trong sáu tháng.,https://audio.tudienkala.com/data/cache/images/300x225/l/i/licence2.jpg,https://audio.tudienkala.com/audio/l/i/licence.mp3
129,mailing,/ˈmeɪlɪŋ/,n,hoạt động gửi hàng hóa qua bưu điện,The strike has delayed the mailing of tax reminders.,Các cuộc đình công đã bị trì hoãn việc gửi thư nhắc nhở thuế.,https://audio.tudienkala.com/data/cache/images/300x225/m/a/mailing1.jpg,https://audio.tudienkala.com/audio/m/a/mailing.mp3
129,manufacture,/ˌmænjʊˈfæktʃər/,v,"sản xuất, chế biến",He works for a company that manufactures car parts.,Anh ta làm cho một công ty sản xuất phụ tùng ô tô.,https://audio.tudienkala.com/data/cache/images/300x225/m/a/manufacture1.jpg,https://audio.tudienkala.com/audio/m/a/manufacture.mp3
129,mediator,/ˈmiːdieɪtər/,n,"người điều đình, người dàn xếp",A Mediator has been called in to resolve the crisis.,Một người điều đình đã được mời đến để giải quyết vụ khủng hoảng.,https://audio.tudienkala.com/data/cache/images/300x225/m/e/mediator1.jpg,https://audio.tudienkala.com/audio/m/e/mediator.mp3
129,mentor,/'mentɔ:/,n,thầy hướng dẫn,She is a friend and mentor to many children.,Cô ấy là một người bạn và người hướng dẫn của nhiều đứa trẻ.,https://audio.tudienkala.com/data/cache/images/300x225/m/e/mentor1.png,https://audio.tudienkala.com/audio/m/e/mentor.mp3
129,motive,/ˈmoʊtɪv/,n,"cớ, lý do, động cơ (của một hành động)",There seemed to be no motive for the murder.,Có vẻ như không có động cơ cho vụ giết người này.,https://audio.tudienkala.com/data/images_example/300x225/t/h/there_seem_ex1_587726837f8b9acf2f8b4644.jpg,https://audio.tudienkala.com/audio/m/o/motive.mp3
129,multitask,/ˌmʌltiˈtæsk/,v,chạy cùng lúc nhiều chương trình,"In computing, multitasking is a method where multiple tasks, also known as processes, are performed during the same period of time.","Trong máy tính, chạy cùng lúc nhiều chương trình là một phương pháp mà nhiều nhiệm vụ, còn được gọi là quy trình, được",https://audio.tudienkala.com/data/cache/images/300x225/m/u/multitask1.jpg,https://audio.tudienkala.com/audio/m/u/multitask.mp3
129,negotiate,/ni'gouʃieit/,v,"thương lượng, đàm phán, điều đình",You must know what you want and what you can accept when you negotiate a salary.,Anh phải biết mình muốn gì và mình có thể chấp nhận gì khi thương lượng về lương bổng.,https://audio.tudienkala.com/data/cache/images/300x225/n/e/negotiate1.png,https://audio.tudienkala.com/audio/n/e/negotiate.mp3
129,organize,/'ɔ:gənaiz/,v,tổ chức,The meeting is organized every month.,Cuộc họp được tổ chức hàng tháng.,https://audio.tudienkala.com/data/cache/images/300x225/o/r/organize1.jpg,https://audio.tudienkala.com/audio/o/r/organize.mp3
129,orient,/ˈɔːrient/,v,định hướng,Our students are oriented towards science subjects.,Sinh viên của chúng tôi đang được hướng tới các môn khoa học.,https://audio.tudienkala.com/data/cache/images/300x225/o/r/orient1.jpg,https://audio.tudienkala.com/audio/o/r/orient.mp3
129,oversee,/ˌoʊvərˈsiː/,v,giám sát,United Nations observers oversaw the elections.,Quan sát viên Liên Hợp Quốc giám sát các cuộc bầu cử.,https://audio.tudienkala.com/data/cache/images/300x225/o/v/oversee1.jpg,https://audio.tudienkala.com/audio/o/v/oversee.mp3
129,overtime,/ˈoʊvərtaɪm/,n,giờ làm thêm,Workers are protesting against overtime hours and low wages.,Những công nhân đang phản đối giờ làm thêm và tiền lương thấp.,https://audio.tudienkala.com/data/cache/images/300x225/o/v/overtime1.jpg,https://audio.tudienkala.com/audio/o/v/overtime.mp3
129,participate,/pɑːˈtɪsɪpeɪt/,v,tham gia,She never participates in any of our discussions.,Cô ấy không bao giờ tham gia vào bất cứ buổi thảo luận nào của chúng tôi.,https://audio.tudienkala.com/data/cache/images/300x225/p/a/participate1.jpeg,https://audio.tudienkala.com/audio/p/a/participate.mp3
129,part-time,/pɑːt taɪm/,adj,làm việc bán thời gian,I am looking for a part-time job.,Tôi đang tìm kiếm một công việc bán thời gian.,https://audio.tudienkala.com/data/cache/images/300x225/p/a/part-time1.jpg,https://audio.tudienkala.com/audio/p/a/part-time.mp3
129,persuasive,/pəˈsweɪsɪv/,adj,mang tính thuyết phục,His speech yesterday was not persuasive.,Bài phát biểu của anh ta ngày hôm qua không thuyết phục.,https://audio.tudienkala.com/data/cache/images/300x225/p/e/persuasive1.png,https://audio.tudienkala.com/audio/p/e/persuasive.mp3
129,planner,/ˈplænər/,n,"người, sách, phần mềm lập kế hoạch, lên lịch các cuộc họp",Tom is a very poor planner. He can't see beyond the end of his nose.,Tom là một người vạch kế hoạch rất tồi. Anh ta không biết nhìn xa.,https://audio.tudienkala.com/data/cache/images/300x225/p/l/planner1.jpg,https://audio.tudienkala.com/audio/p/l/planner.mp3
129,probation,/proʊˈbeɪʃn/,n,thời gian tập sự,How long is the probation period?,Thời gian thử việc là bao lâu?,https://audio.tudienkala.com/data/cache/images/300x225/p/r/probation1.jpg,https://audio.tudienkala.com/audio/p/r/probation.mp3
129,proficient,/prəˈfɪʃnt/,adj,"tài giỏi, thành thạo",I'm a reasonably proficient driver.,Tôi là một lái xe khá thành thạo.,https://audio.tudienkala.com/data/images_example/300x225/i/m/im_a_reaso_ex2_587726857f8b9acf2f8b4652.jpg,https://audio.tudienkala.com/audio/p/r/proficient.mp3
129,programmer,/ˈproʊɡræmər/,n,lập trình viên,"Computer programmers write code to produce software, which can be found on most systems these days.","Lập trình viên máy tính viết mã để sản xuất phần mềm, có thể được tìm thấy trên hầu hết các hệ thống trong những ngày này.",https://audio.tudienkala.com/data/cache/images/300x225/p/r/programmer1.jpg,https://audio.tudienkala.com/audio/p/r/programmer.mp3
129,protocol,/ˈproʊtəkɔːl/,n,"(Tin học) giao thức, định chuẩn","Network protocols like HTTP, TCP/IP, and SMTP provide a foundation that much of the Internet is built on.","Mạng lưới giao thức như HTTP, TCP / IP, SMTP và cung cấp một nền tảng cho nhiều ứng dụng của Internet được xây dựng.",https://audio.tudienkala.com/data/cache/images/300x225/p/r/protocol2.jpg,https://audio.tudienkala.com/audio/p/r/protocol.mp3
129,publicize,/ˈpʌblɪsaɪz/,v,đưa ra công khai; làm cho thiên hạ biết đến; quảng cáo,They flew to Europe to publicize the plight of the refugees.,Họ bay đến châu Âu công bố hoàn cảnh của những người tị nạn.,https://audio.tudienkala.com/data/cache/images/300x225/p/u/publicize1.jpg,https://audio.tudienkala.com/audio/p/u/publicize.mp3
129,pursue,/pә'sju:/,v,"đuổi theo, đi theo, theo đuổi",She wishes to pursue a medical career.,Cô ấy mong muốn theo đuổi ngành y tế,https://audio.tudienkala.com/data/cache/images/300x225/p/u/pursue1.jpg,https://audio.tudienkala.com/audio/p/u/pursue.mp3
129,qualify,/ˈkwɒlɪfaɪ/,v,"đủ tư cách, khả năng, điều kiện",How long does it take to qualify?,Phải mất bao lâu mới đủ điều kiện?,https://audio.tudienkala.com/data/cache/images/300x225/q/u/qualify1.jpg,https://audio.tudienkala.com/audio/q/u/qualify.mp3
129,rearrange,/ˌriːəˈreɪndʒ/,v,"sắp xếp lại, bố trí lại",Can we rearrange the meeting for next Tuesday at 2?,Chúng ta có thể sắp xếp lại các cuộc họp vào thứ Ba lúc 2 giờ?,https://audio.tudienkala.com/data/cache/images/300x225/r/e/rearrange1.jpg,https://audio.tudienkala.com/audio/r/e/rearrange.mp3
129,recommend,/ˌrekəˈmend/,v,"giới thiệu, tiến cử",He recommended reading the book before seeing the movie.,Ông đề nghị đọc cuốn sách trước khi xem phim.,https://audio.tudienkala.com/data/cache/images/300x225/r/e/recommend1.jpg,https://audio.tudienkala.com/audio/r/e/recommend.mp3
129,reconcile,/'rekənsail/,v,"chỉnh lý, làm cho phù hợp/nhất trí, hòa giải",The accountant found the error when she reconcile the account.,Nhân viên kế toán tìm ra lỗi khi cô ấy chỉnh lý tài khoản (sửa lại tài khoản cho đúng).,https://audio.tudienkala.com/data/cache/images/300x225/r/e/reconcile1.jpg,https://audio.tudienkala.com/audio/r/e/reconcile.mp3
129,reconstruct,/ˌriːkənˈstrʌkt/,v,"dựng lại, xây dựng lại",The building was reconstructed on the base of the original design.,Công trình được xây dựng lại dựa trên thiết kế nguyên gốc.,https://audio.tudienkala.com/data/cache/images/300x225/r/e/reconstruct1.jpg,https://audio.tudienkala.com/audio/r/e/reconstruct.mp3
129,recruit,/ri'kru:t/,n,"lính mới, nhân viên mới, thành viên mới",The new recruits spent the entire day in training.,Những nhân viên mới đã dành ra cả ngày để rèn luyện.,https://audio.tudienkala.com/data/cache/images/300x225/r/e/recruit1.jpg,https://audio.tudienkala.com/audio/r/e/recruit.mp3
129,referee,/ˌrefəˈriː/,n,người viết thư giới thiệu,The principal often acts as a referee for his students.,Hiệu trưởng thường xuyên đảm nhiệm vai trò như là người viết thư giới thiệu cho sinh viên của mình.,https://audio.tudienkala.com/data/images_example/300x225/t/h/the_princi_ex2_587726877f8b9acf2f8b4660.jpg,https://audio.tudienkala.com/audio/r/e/referee.mp3
129,refurbish,/ˌriːˈfɜːrbɪʃ/,v,"tân trang lại, trang hoàng lại",The theatre has been extensively refurbished.,Nhà hát đã được tân trang lại rộng rãi.,https://audio.tudienkala.com/data/cache/images/300x225/r/e/refurbish1.jpg,https://audio.tudienkala.com/audio/r/e/refurbish.mp3
129,regulate,/ˈregjʊleɪt/,v,điều chỉnh,The activities of credit companies are regulated by law.,Các hoạt động của các công ty tín dụng được điều chỉnh bởi pháp luật.,https://audio.tudienkala.com/data/cache/images/300x225/r/e/regulate1.jpg,https://audio.tudienkala.com/audio/r/e/regulate.mp3
129,reproduce,/ˌriːprəˈduːs/,v,"sao chép, mô phỏng",The results are reproduced in Table 2.,Các kết quả được in lại trong bảng 2.,https://audio.tudienkala.com/data/cache/images/300x225/r/e/reproduce1.png,https://audio.tudienkala.com/audio/r/e/reproduce.mp3
129,reset,/ˌriːˈset/,v,"vặn, chỉnh (giờ); thiết lập lại",You need to reset your watch to local time.,Bạn cần phải chỉnh lại đồng hồ của bạn theo giờ địa phương,https://audio.tudienkala.com/data/cache/images/300x225/r/e/reset1.png,https://audio.tudienkala.com/audio/r/e/reset.mp3
129,resourceful,/rɪˈsɔːrsfl/,adj,"có tài xoay xở, tháo vát","These women were strong, resourceful and courageous.","Những phụ nữ này mạnh mẽ, tháo vát và can đảm.",https://audio.tudienkala.com/data/cache/images/300x225/r/e/resourceful1.png,https://audio.tudienkala.com/audio/r/e/resourceful.mp3
129,retail,/ˈri:teɪl/,n,bán lẻ,The job is open to applicants with over two years' experience in retail.,Công việc trống dành cho các ứng viên với kinh nghiệm hơn hai năm trong ngành bán lẻ.,https://audio.tudienkala.com/data/cache/images/300x225/r/e/retail1.png,https://audio.tudienkala.com/audio/r/e/retail.mp3
129,sales representative,/seɪlz ˌreprɪˈzentətɪv/,n,đại diện bán hàng,The role of the sales representative is extremely important in the organization's overall sales effort.,Vai trò của đại diện bán hàng cực kì quan trọng trong nỗ lực bán hàng tổng thể của tổ chức.,https://audio.tudienkala.com/data/cache/images/300x225/s/a/sales_representative1.jpg,https://audio.tudienkala.com/audio/s/a/sales_representative.mp3
129,satisfy,/ˈsætɪsfaɪ/,v,"đáp ứng, thỏa mãn (được yêu cầu, điều kiện...)",The movie's ending failed to satisfy audiences.,Kết thúc của bộ phim không đáp ứng mong đợi của khán giả.,https://audio.tudienkala.com/data/cache/images/300x225/s/a/satisfy2.jpg,https://audio.tudienkala.com/audio/s/a/satisfy.mp3
129,scan,/skæn/,v,"xem lướt, xem qua",He scanned through the newspaper over breakfast.,Anh ấy đã xem qua tờ báo trong lúc ăn sáng.,https://audio.tudienkala.com/data/images_example/300x225/h/e/he_scanned_ex1_56248d157f8b9a040dc65f84.png,https://audio.tudienkala.com/audio/s/c/scan.mp3
129,self-motivated,/self moʊtɪˈveɪtɪd/,adj,có ý chí phấn đấu,"I'm self-motivated, and I can demonstrate it",Tôi là một người luôn có ý chí phấn đấu và tôi có thể chứng minh điều đó.,https://audio.tudienkala.com/data/cache/images/300x225/s/e/self-motivated1.jpg,https://audio.tudienkala.com/audio/s/e/self-motivated.mp3
129,self-sufficient,/self səˈfɪʃnt/,adj,"tự cung tự cấp, tự túc",The country is totally self-sufficient in food production.,Đất nước này là hoàn toàn tự cung tự cấp trong sản xuất thực phẩm.,https://audio.tudienkala.com/data/cache/images/300x225/s/e/self-sufficient1.png,https://audio.tudienkala.com/audio/s/e/self-sufficient.mp3
129,seminar,/ˈsemɪnɑːr/,n,"hội thảo, hội nghị chuyên đề",The seminar will be held at the auditorium.,Buổi hội nghị chuyên đề sẽ được tổ chức tại khán phòng này.,https://audio.tudienkala.com/data/cache/images/300x225/s/e/seminar1.jpg,https://audio.tudienkala.com/audio/s/e/seminar.mp3
129,shortlist,/ˈʃɔːrtlɪst/,v,sơ tuyển,Her novel was shortlisted for the Booker Prize.,Cuốn tiểu thuyết của cô ấy đã vượt qua sơ tuyển vào danh sách cho giải Booker.,https://audio.tudienkala.com/data/cache/images/300x225/s/h/shortlist1.png,https://audio.tudienkala.com/audio/s/h/shortlist.mp3
129,signature,/'signitʃə/,n,"chữ ký, ký hiệu, dấu hiệu",The customer's signature was kept on file for identification purposes.,Chữ ký của khách hàng được lưu trên file nhằm mục đích nhận dạng.,https://audio.tudienkala.com/data/cache/images/300x225/s/i/signature1.jpg,https://audio.tudienkala.com/audio/s/i/signature.mp3
129,simplify,/ˈsɪmplɪfaɪ/,v,đơn giản hoá,The application forms have now been simplified,Các hình thức ứng dụng hiện nay đã được đơn giản hóa,https://audio.tudienkala.com/data/cache/images/300x225/s/i/simplify1.jpg,https://audio.tudienkala.com/audio/s/i/simplify.mp3
130,solve,/sɔlv/,v,"giải quyết, tìm giải pháp",You can't solve anything by just running away.,Cậu không thể giải quyết vấn đề bằng cách bỏ chạy được.,https://audio.tudienkala.com/data/cache/images/300x225/s/o/solve2.png,https://audio.tudienkala.com/audio/s/o/solve.mp3
130,specify,/ˈspesɪfaɪ/,v,"ghi rõ, chỉ rõ",The contract clearly does specify who can operate the machinery.,Hợp đồng chỉ rõ những người có thể vận hành máy móc.,https://audio.tudienkala.com/data/cache/images/300x225/s/p/specify2.png,https://audio.tudienkala.com/audio/s/p/specify.mp3
130,sponsor,/ˈspɑːnsər/,n,nhà tài trợ,"The sponsor of that team is JVC, so the players wear the letters JVC on their shirts.","Nhà tài trợ của đội đó là JVC, nên các cầu thủ đều mặc áo có chữ JVC.",https://audio.tudienkala.com/data/cache/images/300x225/s/p/sponsor1.jpg,https://audio.tudienkala.com/audio/s/p/sponsor.mp3
130,stimulate,/ˈstɪmjuleɪt/,v,"khích lệ, khuyến khích",Reading stories can stimulate children's imagination.,Đọc truyện có thể thúc đẩy trí tưởng tượng của trẻ.,https://audio.tudienkala.com/data/images_example/300x225/r/e/reading_st_ex1_56248d0b7f8b9a000de3ce41.jpg,https://audio.tudienkala.com/audio/s/t/stimulate.mp3
130,summarize,/ˈsʌməraɪz/,v,"tóm tắt, tổng kết",The results of the research are summarized at the end of the chapter.,Các kết quả của nghiên cứu được tóm tắt ở cuối chương.,https://audio.tudienkala.com/data/cache/images/300x225/s/u/summarize1.jpg,https://audio.tudienkala.com/audio/s/u/summarize.mp3
130,superior,/suːˈpɪriər/,n,"người có vị thế, cấp bậc cao hơn; cấp trên",He's my immediate superior.,Anh ấy là cấp trên trực tiếp của tôi.,https://audio.tudienkala.com/data/cache/images/300x225/s/u/superior2.jpg,https://audio.tudienkala.com/audio/s/u/superior.mp3
130,supervise,/ˈsuːpərvaɪz,v,giám sát,She has to supervise the children playing near the pool.,Cô ấy giám sát trẻ em chơi đùa gần hồ bơi.,https://audio.tudienkala.com/data/images_example/300x225/s/h/she_has_to_ex2_5877268c7f8b9acf2f8b4680.png,https://audio.tudienkala.com/audio/s/u/supervise.mp3
130,supervisor,/'sju:pəvaizə/,n,người giám sát,I have a meeting with my supervisor about my research topic.,Tôi có một cuộc họp với người giám sát của tôi về chủ đề nghiên cứu.,https://audio.tudienkala.com/data/cache/images/300x225/s/u/supervisor2.png,https://audio.tudienkala.com/audio/s/u/supervisor.mp3
130,telesales,/ˈteliseɪlz/,n,"phương thức bán hàng, nhận đặt hàng qua điện thoại",Many people start their careers in telesales.,Nhiều người bắt đầu sự nghiệp của họ bằng việc bán hàng qua điện thoại.,https://audio.tudienkala.com/data/cache/images/300x225/t/e/telesales1.jpg,https://audio.tudienkala.com/audio/t/e/telesales.mp3
130,trademark,/ˈtreɪdmɑːrk/,n,thương hiệu,‘Big Mac’ is McDonald's best-known trademark.,Big Mac' là thương hiệu nổi tiếng nhất của McDonald.,https://audio.tudienkala.com/data/cache/images/300x225/t/r/trademark1.png,https://audio.tudienkala.com/audio/t/r/trademark.mp3
130,trainee,/ˌtreɪˈniː/,n,"người đang được đào tạo, thực tập sinh","As a trainee, your learning will be hands-on.","Như là một thực tập sinh, những gì bạn học sẽ được thực hành.",https://audio.tudienkala.com/data/cache/images/300x225/t/r/trainee1.jpg,https://audio.tudienkala.com/audio/t/r/trainee.mp3
130,translate,/trænsˈleɪt/,v,"chuyển sang, biến thành",I need to translate from English to German.,Tôi cần dịch từ tiếng Anh sang tiếng Đức.,https://audio.tudienkala.com/data/cache/images/300x225/t/r/translate2.jpg,https://audio.tudienkala.com/audio/t/r/translate.mp3
130,troubleshoot,/ˈtrʌblʃuːt/,v,"(Tin học) khắc phục sự cố, sửa chữa",Most problems with Firefox can be fixed by following the troubleshooting methods described below.,Hầu hết các vấn đề với Firefox có thể được khắc phục bằng cách làm theo các phương pháp xử lý sự cố được mô tả dưới đây.,https://audio.tudienkala.com/data/cache/images/300x225/t/r/troubleshoot1.jpg,https://audio.tudienkala.com/audio/t/r/troubleshoot.mp3
130,tutor,/ˈtuːtər/,v,"làm gia sư, dạy kèm",She tutored some secondary school students when she was studying at university.,Cô ấy dạy gia sư cho một số em học sinh cấp 2 khi cô ấy còn đang học đại học.,https://audio.tudienkala.com/data/cache/images/300x225/t/u/tutor1.jpg,https://audio.tudienkala.com/audio/t/u/tutor.mp3
130,update,/'ʌpdeit/,v,cập nhật,The personnel officer updated the employees on the latest personnel changes.,Thư ký văn phòng cập nhật cho nhân viên biết những thay đổi nhân sự mới nhất.,https://audio.tudienkala.com/data/cache/images/300x225/u/p/update1.jpg,https://audio.tudienkala.com/audio/u/p/update.mp3
130,upgrade,/ʌpˈgreɪd/,v,nâng cấp,More money should be spent on upgrading the post office system in Vietnam.,Cần dành nhiều tiền hơn để nâng cấp hệ thống bưu điện ở Việt Nam.,https://audio.tudienkala.com/data/cache/images/300x225/u/p/upgrade1.png,https://audio.tudienkala.com/audio/u/p/upgrade.mp3
130,vacancy,/ˈveɪkənsi/,n,"vị trí, chức vụ bỏ trống",There is a vacancy for a shop assistant on Saturdays.,Có một vị trí trống cho chức trợ lý cửa hàng vào ngày thứ Bảy.,https://audio.tudienkala.com/data/cache/images/300x225/v/a/vacancy2.jpg,https://audio.tudienkala.com/audio/v/a/vacancy.mp3
130,vendor,/ˈvendər/,n,người bán hàng rong,The street vendors sell anything from food to flowers.,Các nhà bán hàng rong có thể bán bất cứ thứ gì từ thực phẩm đến các loại hoa.,https://audio.tudienkala.com/data/cache/images/300x225/v/e/vendor1.jpg,https://audio.tudienkala.com/audio/v/e/vendor.mp3
130,well paid,/wel peɪd/,adj,lương cao,The job is very well paid.,Công việc được trả lương cao.,https://audio.tudienkala.com/data/cache/images/300x225/w/e/well_paid1.jpg,https://audio.tudienkala.com/audio/w/e/well_paid.mp3
130,workload,/ˈwɜːrkloʊd/,n,khối lượng công việc,We have taken on extra staff to cope with the increased workload.,Chúng tôi đã tuyển thêm nhân viên để đối phó với khối lượng công việc gia tăng.,https://audio.tudienkala.com/data/cache/images/300x225/w/o/workload1.jpg,https://audio.tudienkala.com/audio/w/o/workload.mp3
